location,villiage,MRT_min_distance,MRT_count_500,MRT_count_1000,mall_distance500,mall_distance1000,school_distance500,school_distance1000,school_distance1500,spot_distance_1000,spot_distance_2000,spot_distance_3000,spot_distance_4000,spot_distance_5000,pop_total,male_ratio,female_ratio,pop_density,average_age,pop_20_59,pop_ratio_20_59,pop_ratio_0_4,pop_ratio_5_9,pop_ratio_10_14,pop_ratio_15_19,pop_ratio_20_24,pop_ratio_25_29,pop_ratio_30_34,pop_ratio_35_39,pop_ratio_40_44,pop_ratio_45_49,pop_ratio_50_54,pop_ratio_55_59,pop_ratio_60_64,pop_ratio_65_69,pop_ratio_70_74,pop_ratio_75_79,pop_ratio_80_84,pop_ratio_85_89,pop_ratio_90_94,pop_ratio_95_99,pop_ratio_100_up,doctorate,master,bachelor,high_school,junior_high_school,elementary_school,self-taught,illiterate,median_income,buying_power_index,index_of_retail_saturation,rental_cost,success
迷客夏農安店,,0.7,0,4,0,0,3,10,14,3,13,17,27,46,5068,0.433307024,0.566692976,38310.23299,43.59832969,3004,0.597335454,0.05885862,0.037582024,0.020878902,0.03121893,0.039172798,0.055080533,0.078942136,0.095645258,0.09186717,0.079936369,0.080135216,0.076555975,0.080930603,0.065221714,0.038377411,0.030224697,0.019685822,0.012527341,0.005368861,0.001391927,0.000397693,0.012390178,0.103852219,0.499887362,0.247803559,0.067582789,0.063527822,0.002478036,0.002478036,723,0.091203468,450445974.8,446,1
迷客夏遼寧店,,0.6,0,5,1,7,1,3,5,1,7,14,33,48,6198,0.461923201,0.538076799,21331.73117,45.23009709,3361,0.543851133,0.041262136,0.043042071,0.027508091,0.037702265,0.053236246,0.059223301,0.059223301,0.082038835,0.068446602,0.065857605,0.072815534,0.083009709,0.086245955,0.082524272,0.048058252,0.034304207,0.027346278,0.018770227,0.007443366,0.001779935,0.000161812,0.016578612,0.141009291,0.526689743,0.203497905,0.061577701,0.048096192,0.00072873,0.001821825,824,0.091203468,450445974.8,1235.333333,1
迷客夏錦洲店,,0.5,2,3,0,1,0,4,4,1,7,13,25,42,6989,0.472742882,0.527257118,40780.77098,43.85302796,3978,0.558943375,0.046367852,0.040044963,0.038639876,0.037937333,0.050864128,0.059013629,0.063369397,0.085991288,0.075593649,0.074610089,0.071659407,0.077841787,0.080370943,0.073345511,0.049037516,0.03105241,0.02065477,0.015455951,0.005901363,0.001967121,0.000281017,0.01654087,0.139874739,0.528023125,0.213425405,0.050746748,0.048659065,0.000963546,0.001766501,807,0.091203468,450445974.8,1063.666667,1
迷客夏伊通店,,0.2,1,2,0,3,2,5,6,0,11,17,32,52,3703,0.466648663,0.533351337,14900.94973,42.2590441,2056,0.542909955,0.041721679,0.057037233,0.055452865,0.048323211,0.053076314,0.052548191,0.056245049,0.07525746,0.078162134,0.083443359,0.079746501,0.064430948,0.071296541,0.063374703,0.043570108,0.029046739,0.02297333,0.013203063,0.007657777,0.003168735,0.000264061,0.013112707,0.122073057,0.543552919,0.216047456,0.053699657,0.050577584,0,0.000936622,719,0.091203468,450445974.8,957.6666667,1
迷客夏台北車站店,,1,0,5,5,9,0,6,8,4,19,29,38,46,3488,0.482798165,0.517201835,5667.284767,40.01035971,1877,0.540143885,0.05352518,0.061294964,0.069928058,0.05323741,0.049496403,0.046330935,0.056978417,0.084028777,0.09323741,0.075395683,0.071942446,0.062733813,0.058129496,0.06647482,0.034244604,0.025035971,0.019856115,0.011223022,0.005755396,0.001151079,0,0.022943876,0.140840099,0.533003883,0.218496294,0.049064596,0.032474409,0.000705965,0.002470879,795,0.062155041,360062293.6,736,1
迷客夏南陽店,,0.5,1,4,4,8,0,6,9,6,22,28,38,45,3488,0.482798165,0.517201835,5667.284767,40.01035971,1877,0.540143885,0.05352518,0.061294964,0.069928058,0.05323741,0.049496403,0.046330935,0.056978417,0.084028777,0.09323741,0.075395683,0.071942446,0.062733813,0.058129496,0.06647482,0.034244604,0.025035971,0.019856115,0.011223022,0.005755396,0.001151079,0,0.022943876,0.140840099,0.533003883,0.218496294,0.049064596,0.032474409,0.000705965,0.002470879,795,0.062155041,360062293.6,708.3333333,1
迷客夏南昌店,,0.3,1,3,0,0,0,6,9,3,18,28,35,39,12032,0.481964761,0.518035239,50027.55451,38.68065446,6391,0.541793828,0.036961682,0.072397423,0.097575449,0.059681248,0.053238386,0.045015259,0.046625975,0.070532384,0.098762292,0.090708715,0.074771109,0.062139708,0.054425229,0.049677857,0.033316378,0.019752458,0.016785351,0.010342489,0.004662597,0.00245846,0.000169549,0.029182255,0.186424372,0.532228755,0.180117584,0.034633886,0.035275254,0.000855158,0.001282737,997,0.062155041,360062293.6,539.3333333,1
迷客夏公館店,,0.2,1,1,0,1,2,4,5,3,6,8,15,31,3050,0.462622951,0.537377049,7738.452565,44.2791223,1696,0.547273314,0.053565666,0.045821233,0.031945789,0.037431429,0.043239755,0.054856405,0.062278154,0.088738303,0.078735076,0.064859632,0.080671184,0.073894805,0.072281381,0.06195547,0.051629558,0.044207809,0.028396257,0.014198128,0.008067118,0.002258793,0.000968054,0.031575037,0.135586924,0.482912333,0.202451709,0.06872214,0.072808321,0.001857355,0.004086181,742,0.062155041,360062293.6,1577.666667,1
迷客夏虎林店,,0.1,1,2,0,0,0,6,8,1,10,10,12,16,7950,0.467672956,0.532327044,47542.3891,41.5002457,4426,0.543734644,0.055159705,0.061302211,0.050982801,0.042628993,0.045208845,0.054054054,0.062530713,0.07985258,0.088452088,0.07014742,0.067813268,0.075675676,0.072727273,0.067076167,0.038574939,0.028501229,0.02027027,0.012039312,0.005282555,0.001597052,0.00012285,0.017854508,0.14800059,0.552309281,0.189907039,0.04884167,0.040725985,0.00073779,0.001623137,837,0.087254353,704280209.3,671.3333333,1
迷客夏北醫店,,0.6,0,2,0,6,1,3,7,1,6,8,18,21,5210,0.458349328,0.541650672,24324.73111,43.74334278,2846,0.537488196,0.050236072,0.047403211,0.036071766,0.045325779,0.04891407,0.057223796,0.063078376,0.085174693,0.062322946,0.060623229,0.079508971,0.080642115,0.078375826,0.072143532,0.050802644,0.034183192,0.020396601,0.015675165,0.007365439,0.003399433,0.001133144,0.016568563,0.137780685,0.551994768,0.193808589,0.047307608,0.046871594,0.002180074,0.003488119,874,0.087254353,704280209.3,1751.666667,1
迷客夏永吉店,,0.6,0,2,1,12,0,4,8,2,10,12,14,17,5210,0.461612284,0.538387716,47233.80403,43.54012933,3096,0.588817041,0.048497528,0.039748954,0.03157094,0.035184481,0.048497528,0.055154051,0.068276911,0.095283378,0.095283378,0.074362876,0.080258653,0.071700266,0.06675542,0.065804488,0.049448459,0.030620008,0.023773298,0.012171928,0.005135032,0.001901864,0.000570559,0.017502161,0.151469317,0.531331029,0.194900605,0.052290406,0.049049265,0.001296456,0.002160761,753,0.087254353,704280209.3,779.3333333,1
迷客夏西湖店,,0.4,1,1,0,1,1,3,5,0,3,3,3,12,7095,0.485412262,0.514587738,15884.19559,43.18410214,4349,0.597062054,0.052169138,0.031987919,0.018259198,0.036518396,0.053679297,0.069055464,0.07660626,0.115595826,0.07907743,0.059719934,0.064799561,0.078528281,0.090334981,0.080175728,0.038852279,0.02210324,0.01523888,0.011669412,0.004393191,0.001235585,0,0.01009483,0.109207709,0.491740593,0.236616702,0.066992964,0.079687978,0.001223616,0.004435607,679,0.106293179,1025555594,465,1
迷客夏康寧店,,0.6,0,2,0,1,5,8,8,0,3,2,6,9,8036,0.478222997,0.521777003,36757.2625,42.15130775,4852,0.593009044,0.051821071,0.038010266,0.026766072,0.043265705,0.056465412,0.069909558,0.080664874,0.094475678,0.080175996,0.059276461,0.070153997,0.081887069,0.083598142,0.075898313,0.037765827,0.020777316,0.013810804,0.008799804,0.004644341,0.001711073,0.00012222,0.009269507,0.10320974,0.502905368,0.24031544,0.070005534,0.068760376,0.001106807,0.004427227,711,0.106293179,1025555594,657.3333333,1
迷客夏東湖店,,0.5,1,3,0,0,1,4,4,0,1,1,1,4,11642,0.475176087,0.524823913,37257.86586,36.03169371,6897,0.582910751,0.061528059,0.079783638,0.069050034,0.056541582,0.056457066,0.056372549,0.069810683,0.099983097,0.102772143,0.075980392,0.062964841,0.05856998,0.057724814,0.038370521,0.020368492,0.014959432,0.010649087,0.005240027,0.002281947,0.000591616,0,0.005137536,0.08658889,0.469763459,0.279674623,0.078454458,0.075671626,0.001284384,0.003425024,722,0.106293179,1025555594,515,1
迷客夏瑞光店,,1.8,0,0,0,1,1,3,6,0,1,3,7,14,5477,0.485849918,0.514150082,2348.668834,41.4472326,3254,0.579106603,0.054280121,0.041822388,0.031678235,0.045203773,0.05214451,0.071187044,0.087738032,0.100373732,0.071720947,0.061754761,0.058729311,0.075458267,0.087915999,0.079729489,0.033635878,0.019042534,0.011745862,0.009076348,0.005872931,0.000355935,0.000533903,0.00877372,0.117527035,0.517649459,0.234441951,0.057131198,0.059783718,0.00122424,0.00346868,761,0.106293179,1025555594,485,1
迷客夏港墘店,,0.5,1,1,0,0,1,3,8,0,2,3,6,12,6289,0.470504055,0.529495945,8848.657247,40.96538763,3707,0.580579483,0.036805012,0.045732185,0.061550509,0.051213782,0.053719655,0.065309319,0.070790916,0.080031323,0.087235709,0.07220047,0.076115897,0.075176194,0.083007048,0.060767424,0.033202819,0.0192639,0.014252153,0.007674236,0.004698512,0.000939702,0.000313234,0.010247027,0.121134492,0.51747484,0.225434584,0.055809698,0.06294602,0.00073193,0.006221409,755,0.106293179,1025555594,539,1
迷客夏和碩店,,0.8,0,2,0,0,0,1,2,0,3,3,3,7,7581,0.485951721,0.514048279,2792.850838,40.83493405,4695,0.601229351,0.050582661,0.043411448,0.043923678,0.046612883,0.057753874,0.065565373,0.072992701,0.097323601,0.082340889,0.079395569,0.071712127,0.074145217,0.069022922,0.058138046,0.030221539,0.02484313,0.015622999,0.01024459,0.00537841,0.000640287,0.000128057,0.009506833,0.085561497,0.434640523,0.262774807,0.094622698,0.102198455,0.002525253,0.008169935,680,0.089723852,1095531712,505.3333333,1
迷客夏北投店,,0.7,0,2,0,0,2,9,10,4,5,5,5,8,8487,0.481913515,0.518086485,42165.83243,42.50017291,5153,0.594005764,0.048299712,0.040461095,0.031008646,0.044610951,0.059365994,0.064207493,0.066974063,0.090489914,0.078501441,0.075504323,0.080115274,0.078847262,0.070086455,0.07054755,0.035158501,0.02870317,0.01925072,0.011757925,0.004841499,0.001268012,0,0.010607648,0.092980618,0.445128339,0.256155055,0.091671032,0.095730749,0.001964379,0.005762179,669,0.089723852,1095531712,387.3333333,1
迷客夏石牌店,,0.7,0,2,0,0,0,5,5,0,0,4,10,10,7745,0.471659135,0.528340865,27664.33841,43.11882323,4288,0.546102904,0.043046358,0.04686704,0.045593479,0.044701987,0.054126337,0.053616913,0.061767702,0.083927662,0.083418237,0.075904228,0.067116658,0.066225166,0.071701477,0.075904228,0.050687723,0.035277636,0.018976057,0.012098828,0.007004585,0.001528273,0.000509424,0.015763111,0.115497938,0.505892752,0.228491456,0.057896288,0.071744255,0.001915144,0.002799057,781,0.089723852,1095531712,619.3333333,1
迷客夏昆陽店,,0.2,1,1,0,0,2,3,3,0,3,3,9,12,3695,0.473342355,0.526657645,2496.049079,43.12138114,2207,0.586188579,0.046480744,0.034794157,0.034528552,0.040371846,0.050730412,0.070916335,0.071447543,0.095883134,0.084196547,0.067197875,0.065073041,0.080743692,0.074900398,0.067729084,0.049667995,0.022841965,0.021779548,0.012217795,0.005312085,0.002921647,0.000265604,0.008711325,0.096124962,0.460198258,0.253529588,0.078401922,0.094022229,0.003304296,0.00570742,672,0.041726568,681187333.8,459.6666667,1
迷客夏南港店,,0.3,1,3,1,2,0,3,4,0,0,0,4,4,8050,0.483602484,0.516397516,7628.698236,38.94547286,4851,0.610880242,0.080846241,0.059438358,0.029215464,0.038030475,0.049993704,0.054149351,0.068757083,0.106913487,0.107543131,0.082105528,0.072534945,0.068883012,0.058430928,0.054527138,0.029341393,0.016874449,0.012089158,0.007429795,0.002644503,0.000251857,0,0.022592873,0.161031084,0.508263836,0.189385898,0.056557998,0.057771039,0.0015163,0.00288097,988,0.041726568,681187333.8,397,1
迷客夏天母店,,0.8,0,1,1,2,1,5,5,1,5,6,8,10,5595,0.46899017,0.53100983,38233.63825,44.91751136,3133,0.547535827,0.044215309,0.034603286,0.036176162,0.040720028,0.054176861,0.057846907,0.064313177,0.074099965,0.06571129,0.071128976,0.083711989,0.076546662,0.083537225,0.07217756,0.0515554,0.036700454,0.022544565,0.020272632,0.007689619,0.001747641,0.000524292,0.018562401,0.135663507,0.532582938,0.203791469,0.053317536,0.052725118,0.000789889,0.002567141,754,0.102633099,901552356.4,558,1
迷客夏士林店,,0.2,3,4,0,0,2,8,15,3,7,10,14,19,3918,0.482388974,0.517611026,29897.91205,43.34082959,2247,0.561469265,0.042728636,0.044977511,0.040229885,0.043728136,0.055972014,0.060969515,0.064217891,0.082708646,0.08195902,0.070464768,0.076961519,0.068215892,0.069465267,0.059470265,0.046226887,0.041729135,0.025737131,0.017491254,0.005747126,0.0009995,0,0.009455587,0.072492837,0.46017192,0.271346705,0.079942693,0.100573066,0.002005731,0.004011461,668,0.102633099,901552356.4,1284,1
迷客夏雙連店,,0.2,1,6,0,5,4,7,15,3,18,22,36,46,5272,0.483877086,0.516122914,42189.91055,41.14896009,2969,0.55630504,0.050028106,0.057710324,0.059209294,0.047030167,0.044594341,0.053588158,0.058085067,0.090500281,0.095934045,0.07288739,0.06651677,0.074198988,0.062394604,0.056023984,0.036724752,0.031478359,0.02379614,0.01274124,0.005059022,0.001311598,0.000187371,0.008547009,0.086819613,0.45591543,0.274403959,0.077372919,0.08974359,0.002024291,0.005173189,676,0.046560732,677679895.4,1212.666667,1
迷客夏圓山店,,0.7,0,1,0,0,1,7,7,2,10,15,27,38,3991,0.487597093,0.512402907,21871.30684,44.186702,2383,0.574078535,0.043603951,0.039990364,0.030835943,0.041194893,0.052035654,0.062153698,0.060467357,0.082630691,0.090580583,0.0746808,0.073235365,0.078294387,0.066971814,0.066730908,0.045049386,0.035654059,0.030354132,0.017345218,0.006263551,0.001686341,0.000240906,0.011969532,0.09031556,0.436615887,0.269314472,0.085418934,0.099292709,0.001360174,0.005712731,640,0.046560732,677679895.4,340,1
迷客夏延吉店,,0.6,0,3,1,2,0,5,9,2,10,14,19,29,4765,0.464008395,0.535991605,44046.25476,44.45308366,2526,0.514146143,0.046000407,0.053124364,0.042947283,0.042336658,0.046611032,0.05007124,0.053327906,0.076124567,0.07144311,0.068797069,0.069204152,0.078567067,0.078770609,0.079788317,0.048035823,0.034194993,0.029106452,0.01750458,0.009769998,0.003663749,0.000610625,0.019691578,0.171055753,0.560142349,0.17485172,0.039857651,0.030604982,0.00118624,0.002609727,830,0.125342505,1003156621,1088.333333,1
迷客夏大安店,,0.6,0,4,1,6,1,16,17,1,10,15,27,39,5733,0.460491889,0.539508111,39342.74082,44.56971438,2968,0.501605543,0.041406118,0.054588474,0.051039378,0.045124218,0.043265168,0.050701369,0.044279196,0.068277844,0.07740409,0.067263816,0.069798885,0.080615177,0.078756126,0.080108163,0.054588474,0.036335981,0.026195707,0.018590502,0.007943214,0.003211087,0.000507014,0.026946701,0.165841094,0.565088171,0.177927482,0.037646126,0.024370913,0.000198138,0.001981375,865,0.125342505,1003156621,492.3333333,1
迷客夏政大店,,1,0,0,0,0,2,7,6,2,3,13,16,26,8733,0.481850452,0.518149548,2930.995705,40.63959678,5099,0.577528599,0.039868615,0.056518292,0.05901008,0.054026504,0.064673236,0.061728395,0.058330502,0.070562918,0.074753653,0.083474912,0.084720806,0.079284177,0.071808812,0.049269453,0.031034092,0.022992411,0.017555782,0.013365047,0.004757051,0.00181221,0.000453052,0.039426043,0.15582674,0.479683519,0.20611506,0.052568057,0.059139064,0.000938715,0.006302803,816,0.096850182,1276190798,369.3333333,1
迷客夏興隆店,,0.2,1,2,0,0,4,4,8,0,1,1,5,7,5983,0.47852248,0.52147752,9519.043659,42.70093771,3560,0.596115204,0.042364367,0.035666443,0.033489618,0.046718017,0.062625586,0.067146685,0.066979236,0.090087073,0.081044876,0.076691226,0.077026122,0.074514401,0.076021433,0.065639652,0.041862023,0.025954454,0.015740121,0.012056263,0.006530476,0.001507033,0.000334896,0.015642669,0.115718055,0.488126649,0.234451564,0.068978515,0.071240106,0.001507727,0.004334715,709,0.096850182,1276190798,441.3333333,1
迷客夏小巨蛋店,,0.7,0,1,0,1,1,4,7,2,6,11,18,32,4398,0.467712597,0.532287403,48066.98058,43.51391672,2301,0.512358049,0.037185482,0.055444222,0.063014919,0.045646849,0.042974839,0.046760187,0.053217546,0.073034959,0.084836339,0.080160321,0.066354932,0.065018927,0.069917613,0.075484302,0.053217546,0.036962815,0.023380094,0.015141394,0.007793365,0.003785348,0.000668003,0.01714135,0.157436709,0.529008439,0.210179325,0.04193038,0.04193038,0.000791139,0.001582278,787,0.08152381,858932317.5,1167.333333,1
迷客夏南京店,,1.3,0,0,0,0,0,6,8,1,11,13,14,20,8375,0.475701493,0.524298507,39983.91538,43.99214353,5003,0.586655722,0.041744841,0.038461538,0.026383677,0.041041276,0.054409006,0.062617261,0.073170732,0.086186679,0.08032364,0.071177298,0.075750469,0.083020638,0.073991557,0.07293621,0.043269231,0.028025328,0.021927767,0.016533771,0.007035647,0.001876173,0.000117261,0.011681323,0.111300696,0.500590629,0.228507678,0.063262895,0.077831736,0.001837511,0.004987531,683,0.08152381,858932317.5,477.3333333,1
迷客夏西門町店,,0.2,1,4,8,9,3,5,7,9,22,24,32,40,3748,0.459711846,0.540288154,26275.98299,45.01412873,2210,0.578231293,0.053113553,0.034013605,0.021978022,0.031135531,0.041862899,0.044740973,0.064364207,0.094976452,0.095761381,0.086080586,0.078231293,0.072213501,0.082679226,0.073783359,0.049188906,0.027472527,0.019623234,0.01674516,0.008634223,0.002354788,0.001046572,0.020851689,0.092217327,0.45256975,0.263436123,0.091923642,0.074008811,0.000587372,0.004405286,701,0.068733215,1220539682,1408.666667,1
五十嵐長春店,,0.4,2,4,1,3,1,2,7,2,6,10,29,40,10398,0.467782266,0.532217734,29142.23595,38.26997902,5472,0.521838642,0.053404539,0.078390235,0.089357238,0.058363532,0.044249475,0.04215144,0.047873355,0.078008774,0.096795728,0.084016784,0.071810032,0.056933054,0.056170132,0.050352851,0.035952699,0.025367156,0.014686248,0.009727255,0.004958993,0.001049018,0.000381461,0.020693033,0.161993388,0.56826252,0.182686421,0.032080323,0.033059875,0.000489776,0.000734664,986,0.08152381,858932317.5,882.6666667,1
五十嵐伊通店,,0.2,1,2,0,3,0,5,6,0,11,18,32,53,3703,0.466648663,0.533351337,14900.94973,42.2590441,2056,0.542909955,0.041721679,0.057037233,0.055452865,0.048323211,0.053076314,0.052548191,0.056245049,0.07525746,0.078162134,0.083443359,0.079746501,0.064430948,0.071296541,0.063374703,0.043570108,0.029046739,0.02297333,0.013203063,0.007657777,0.003168735,0.000264061,0.013112707,0.122073057,0.543552919,0.216047456,0.053699657,0.050577584,0,0.000936622,719,0.091203468,450445974.8,957.6666667,1
五十嵐大直北安店,,0.2,1,2,0,2,2,3,4,0,4,5,10,20,9319,0.473226741,0.526773259,14033.70058,41.78902426,5078,0.528793086,0.047901697,0.050921587,0.065292096,0.046339686,0.048422368,0.055086952,0.059356451,0.08809747,0.080703947,0.067895449,0.063730084,0.065500364,0.068520254,0.071331875,0.049671978,0.031344372,0.018952411,0.012391961,0.006352182,0.001562012,0.000624805,0.017565716,0.156098169,0.539554005,0.190980441,0.044599477,0.047963124,0.000747477,0.002491591,770,0.091203468,450445974.8,636.3333333,1
五十嵐南西店,,0.1,2,4,2,10,2,4,11,3,19,24,40,46,4529,0.475160079,0.524839921,20860.86657,46.20997145,2438,0.535471118,0.042389633,0.032725675,0.029431144,0.033823852,0.0459038,0.054908851,0.06259609,0.092686141,0.069404788,0.061497913,0.06501208,0.083461454,0.095321766,0.080166923,0.056226664,0.03250604,0.02965078,0.022842082,0.00812651,0.001317812,0,0.016188374,0.119941133,0.49546235,0.229335296,0.07162129,0.063527103,0.000735835,0.003188619,685,0.091203468,450445974.8,1628,1
五十嵐R79店,,0.1,2,4,0,10,2,6,11,2,19,24,39,45,4529,0.475160079,0.524839921,20860.86657,46.20997145,2438,0.535471118,0.042389633,0.032725675,0.029431144,0.033823852,0.0459038,0.054908851,0.06259609,0.092686141,0.069404788,0.061497913,0.06501208,0.083461454,0.095321766,0.080166923,0.056226664,0.03250604,0.02965078,0.022842082,0.00812651,0.001317812,0,0.016188374,0.119941133,0.49546235,0.229335296,0.07162129,0.063527103,0.000735835,0.003188619,685,0.091203468,450445974.8,1928.333333,1
五十嵐合江店,,0.4,1,3,0,1,0,4,5,1,7,13,25,42,7532,0.477827934,0.522172066,38544.96292,44.98351433,4205,0.550176632,0.037943216,0.03558812,0.035195604,0.046578569,0.046186053,0.055213921,0.061101662,0.084652623,0.079288238,0.070914562,0.077194819,0.075624755,0.078241528,0.079157399,0.051550438,0.036896507,0.021326704,0.019102447,0.006149418,0.001831741,0.000261677,0.01247798,0.131972989,0.510569583,0.221520846,0.060628303,0.059453905,0.000587199,0.002789196,753,0.091203468,450445974.8,822,1
五十嵐吉林店,,0.3,1,3,0,1,0,7,11,1,9,18,31,46,5043,0.477493555,0.522506445,34513.74682,45.13602015,2990,0.579345088,0.04088355,0.031389266,0.025188917,0.037395854,0.052121682,0.059097074,0.068591358,0.085254796,0.082154621,0.076341794,0.078279403,0.07750436,0.07963573,0.069753924,0.048052703,0.037395854,0.027514048,0.015888394,0.006006588,0.001550087,0,0.00923143,0.093173036,0.463074281,0.258694719,0.082653499,0.085015028,0.003864319,0.004293688,648,0.091203468,450445974.8,586,1
五十嵐四平店,,0.3,1,2,0,3,0,5,5,0,10,21,33,50,5817,0.470861269,0.529138731,30298.77331,42.4739433,3266,0.554405025,0.04379562,0.054999151,0.049397386,0.046341877,0.047699881,0.053131896,0.054320149,0.085214734,0.091665252,0.071634697,0.074690205,0.076048209,0.067900187,0.061619419,0.046002377,0.031403836,0.023086063,0.01459854,0.005092514,0.001188253,0.00016975,0.017337585,0.127740136,0.51853328,0.229573535,0.05400558,0.050418493,0.001195695,0.001195695,796,0.091203468,450445974.8,1373.666667,1
五十嵐實踐店,,0.4,1,1,0,1,0,3,3,0,5,4,12,21,9319,0.473226741,0.526773259,14033.70058,41.78902426,5078,0.528793086,0.047901697,0.050921587,0.065292096,0.046339686,0.048422368,0.055086952,0.059356451,0.08809747,0.080703947,0.067895449,0.063730084,0.065500364,0.068520254,0.071331875,0.049671978,0.031344372,0.018952411,0.012391961,0.006352182,0.001562012,0.000624805,0.017565716,0.156098169,0.539554005,0.190980441,0.044599477,0.047963124,0.000747477,0.002491591,770,0.091203468,450445974.8,396,1
五十嵐晴光店,,0.2,1,5,0,0,0,9,10,1,13,10,15,24,5068,0.433307024,0.566692976,38310.23299,43.59832969,3004,0.597335454,0.05885862,0.037582024,0.020878902,0.03121893,0.039172798,0.055080533,0.078942136,0.095645258,0.09186717,0.079936369,0.080135216,0.076555975,0.080930603,0.065221714,0.038377411,0.030224697,0.019685822,0.012527341,0.005368861,0.001391927,0.000397693,0.012390178,0.103852219,0.499887362,0.247803559,0.067582789,0.063527822,0.002478036,0.002478036,723,0.091203468,450445974.8,597.6666667,1
五十嵐遼寧店,,0.6,0,5,1,7,1,3,5,2,8,14,33,48,2954,0.457684496,0.542315504,22796.87169,44.81266938,1670,0.565718157,0.036924119,0.041327913,0.032520325,0.03895664,0.050813008,0.053861789,0.058265583,0.078590786,0.091802168,0.075203252,0.080284553,0.076897019,0.082655827,0.076219512,0.047764228,0.026422764,0.02303523,0.016937669,0.009485095,0.001693767,0.000338753,0.015619048,0.133333333,0.521142857,0.219428571,0.046857143,0.058666667,0.001904762,0.003047619,745,0.091203468,450445974.8,1415,1
五十嵐雙連店,,0.5,1,6,0,4,1,10,9,9,15,25,30,39,7268,0.452256467,0.547743533,21950.77362,42.23888217,4190,0.562945049,0.045277442,0.051323391,0.053876125,0.038694075,0.049576784,0.057638049,0.060593847,0.083434099,0.089076985,0.073223163,0.079269112,0.070133011,0.072148327,0.066908505,0.038022303,0.027139594,0.021765417,0.013032379,0.007120785,0.001477899,0.000268709,0.016131583,0.100743318,0.497706785,0.244346038,0.067531235,0.068796457,0.002214139,0.002530444,746,0.091203468,450445974.8,334.3333333,1
五十嵐長安店,,0.7,0,3,0,3,2,6,11,1,11,25,40,52,5455,0.461594867,0.538405133,21605.82292,45.16032659,3029,0.562070885,0.045277417,0.034885879,0.026906662,0.035071442,0.047133049,0.056967898,0.06643162,0.092596029,0.075524216,0.067359436,0.076266469,0.079792169,0.087029133,0.074781963,0.048617554,0.034329189,0.021896456,0.018370755,0.008535906,0.002226758,0,0.017456359,0.1400665,0.531379884,0.215502909,0.051122195,0.042186201,0.000831255,0.001454697,748,0.091203468,450445974.8,585.3333333,1
五十嵐南機場店,,1.3,0,2,0,0,0,4,8,3,17,20,30,32,6236,0.471295702,0.528704298,61833.22489,46.06333853,3844,0.599687988,0.034633385,0.016224649,0.024804992,0.041029641,0.053822153,0.060530421,0.069422777,0.083463339,0.078315133,0.078471139,0.080655226,0.0950078,0.086895476,0.06349454,0.043213729,0.034321373,0.027145086,0.019188768,0.005928237,0.002808112,0.000624025,0.003037975,0.052489451,0.347004219,0.307679325,0.164725738,0.105316456,0.003881857,0.015864979,545,0.062155041,360062293.6,665.3333333,1
五十嵐信陽店,,0.5,1,5,3,9,0,5,9,6,21,31,38,45,3488,0.482798165,0.517201835,5667.284767,40.01035971,1877,0.540143885,0.05352518,0.061294964,0.069928058,0.05323741,0.049496403,0.046330935,0.056978417,0.084028777,0.09323741,0.075395683,0.071942446,0.062733813,0.058129496,0.06647482,0.034244604,0.025035971,0.019856115,0.011223022,0.005755396,0.001151079,0,0.022943876,0.140840099,0.533003883,0.218496294,0.049064596,0.032474409,0.000705965,0.002470879,795,0.062155041,360062293.6,736,1
五十嵐同安店,,0.3,1,3,0,0,2,5,8,1,12,20,29,38,3191,0.471012222,0.528987778,35576.50555,45.95507692,1847,0.568307692,0.050153846,0.028,0.018461538,0.029846154,0.042461538,0.053230769,0.068923077,0.096307692,0.087692308,0.068307692,0.068923077,0.082461538,0.082153846,0.077538462,0.061538462,0.033538462,0.025538462,0.014153846,0.007692308,0.002461538,0.000615385,0.020095368,0.139305177,0.492847411,0.219686649,0.0626703,0.059945504,0.002043597,0.003405995,748,0.062155041,360062293.6,570.3333333,1
五十嵐寧波店,,0.3,1,3,0,0,0,6,9,3,18,28,35,39,5699,0.477452185,0.522547815,25709.16284,38.07598936,3168,0.526770868,0.074160293,0.076820752,0.064183572,0.054206851,0.046558031,0.050881277,0.053541736,0.092949784,0.092450948,0.076321916,0.05803126,0.056035916,0.052544064,0.053209179,0.039574327,0.025606917,0.015962754,0.010641836,0.003325574,0.002660459,0.000332557,0.027330508,0.169279661,0.532627119,0.190677966,0.044279661,0.032627119,0.001059322,0.002118644,914,0.062155041,360062293.6,539.3333333,1
五十嵐小南門店,,0.6,0,3,0,1,1,6,9,6,19,25,30,38,3414,0.4543058,0.5456942,42383.43776,39.47517934,1802,0.517073171,0.047345768,0.068579627,0.096126255,0.047919656,0.04964132,0.046197991,0.047345768,0.07804878,0.103873745,0.072883788,0.056527977,0.062553802,0.055954089,0.061119082,0.036728838,0.028120516,0.018364419,0.014060258,0.007460545,0.000860832,0.000286944,0.020393299,0.153678077,0.516387473,0.214129643,0.054260743,0.039329934,0.000728332,0.001092498,807,0.062155041,360062293.6,419,1
五十嵐捷運善導寺店,,0.5,1,2,3,11,1,6,7,4,17,31,39,47,3107,0.465078854,0.534921146,7025.961631,45.6325055,1702,0.535051871,0.051241748,0.034580321,0.028607356,0.039924552,0.043068218,0.051241748,0.064445143,0.080163471,0.076705439,0.068531908,0.074190506,0.076705439,0.076076705,0.080792204,0.055014146,0.03552342,0.02734989,0.023891858,0.008487897,0.003143666,0.000314367,0.021299255,0.145189918,0.55200568,0.199503017,0.041178559,0.037983671,0.00141995,0.00141995,882,0.062155041,360062293.6,411.6666667,1
五十嵐北車店,,0.2,1,5,6,9,0,5,12,5,21,31,39,46,3107,0.465078854,0.534921146,7025.961631,45.6325055,1702,0.535051871,0.051241748,0.034580321,0.028607356,0.039924552,0.043068218,0.051241748,0.064445143,0.080163471,0.076705439,0.068531908,0.074190506,0.076705439,0.076076705,0.080792204,0.055014146,0.03552342,0.02734989,0.023891858,0.008487897,0.003143666,0.000314367,0.021299255,0.145189918,0.55200568,0.199503017,0.041178559,0.037983671,0.00141995,0.00141995,882,0.062155041,360062293.6,1292.666667,1
五十嵐新生店,,0.2,2,5,1,2,0,9,12,2,12,21,44,52,4379,0.473852478,0.526147522,26866.1357,46.04516272,2396,0.530440558,0.048040735,0.043834403,0.021253044,0.031215408,0.052468453,0.059110029,0.057781714,0.075049812,0.07084348,0.063759132,0.069957937,0.081470002,0.084348019,0.076599513,0.060881116,0.042506088,0.030329865,0.017932256,0.009740979,0.002213859,0.000664158,0.030204693,0.171992012,0.557413879,0.156015976,0.044932601,0.036944583,0.000998502,0.001497753,935,0.062155041,360062293.6,1411,1
五十嵐杭州店,,1,0,3,0,2,3,6,9,1,18,25,38,49,5743,0.470485809,0.529514191,33451.39708,43.54739539,2981,0.509137489,0.043894108,0.057216055,0.060802733,0.040649018,0.044577284,0.046285226,0.055166524,0.065072588,0.080273271,0.076686593,0.066268147,0.074807857,0.072587532,0.072245944,0.056532878,0.033304868,0.026985482,0.017079419,0.006319385,0.002903501,0.000341588,0.037905034,0.20236397,0.551049521,0.150397391,0.034440595,0.021805584,0.000407581,0.001630324,965,0.062155041,360062293.6,533.6666667,1
五十嵐公館店,,0.3,1,2,0,1,1,5,5,2,7,15,27,34,3050,0.462622951,0.537377049,7738.452565,44.2791223,1696,0.547273314,0.053565666,0.045821233,0.031945789,0.037431429,0.043239755,0.054856405,0.062278154,0.088738303,0.078735076,0.064859632,0.080671184,0.073894805,0.072281381,0.06195547,0.051629558,0.044207809,0.028396257,0.014198128,0.008067118,0.002258793,0.000968054,0.031575037,0.135586924,0.482912333,0.202451709,0.06872214,0.072808321,0.001857355,0.004086181,742,0.062155041,360062293.6,1722.666667,1
五十嵐衡陽店,,0.3,2,5,2,14,0,4,12,9,23,29,37,42,3488,0.482798165,0.517201835,5667.284767,40.01035971,1877,0.540143885,0.05352518,0.061294964,0.069928058,0.05323741,0.049496403,0.046330935,0.056978417,0.084028777,0.09323741,0.075395683,0.071942446,0.062733813,0.058129496,0.06647482,0.034244604,0.025035971,0.019856115,0.011223022,0.005755396,0.001151079,0,0.022943876,0.140840099,0.533003883,0.218496294,0.049064596,0.032474409,0.000705965,0.002470879,795,0.062155041,360062293.6,733.6666667,1
五十嵐開封店,,0.5,1,5,4,15,1,5,14,8,23,28,37,43,3488,0.482798165,0.517201835,5667.284767,40.01035971,1877,0.540143885,0.05352518,0.061294964,0.069928058,0.05323741,0.049496403,0.046330935,0.056978417,0.084028777,0.09323741,0.075395683,0.071942446,0.062733813,0.058129496,0.06647482,0.034244604,0.025035971,0.019856115,0.011223022,0.005755396,0.001151079,0,0.022943876,0.140840099,0.533003883,0.218496294,0.049064596,0.032474409,0.000705965,0.002470879,795,0.062155041,360062293.6,1133,1
五十嵐世貿店,,0.9,0,2,0,2,0,6,11,1,7,11,21,23,3093,0.457161332,0.542838668,53518.06697,46.03575949,1823,0.576898734,0.042088608,0.024367089,0.022151899,0.032911392,0.052531646,0.050632911,0.07278481,0.088924051,0.080063291,0.069936709,0.077848101,0.084177215,0.083544304,0.075,0.061075949,0.035443038,0.025316456,0.013291139,0.005696203,0.001898734,0.000316456,0.014930556,0.103472222,0.529513889,0.225694444,0.057291667,0.0625,0.003125,0.003472222,678,0.087254353,704280209.3,573,1
五十嵐市府店,,0.1,1,4,6,14,1,3,4,5,10,12,16,19,5623,0.469322426,0.530677574,22587.24583,45.41893061,3160,0.546807406,0.036684547,0.033569822,0.037722789,0.044990483,0.051739055,0.054853781,0.056238103,0.076656861,0.082540232,0.080290708,0.072330853,0.072157813,0.07060045,0.072676934,0.053988579,0.047066967,0.029243814,0.017823153,0.006575532,0.002076484,0.00017304,0.014936954,0.125897187,0.536954413,0.21028128,0.050824442,0.056450048,0.001745878,0.002909796,745,0.087254353,704280209.3,1938,1
五十嵐A11店,,0.8,0,3,11,14,0,4,4,4,10,11,15,19,5785,0.507346586,0.492653414,11277.22318,47.65885596,3063,0.52773949,0.032046864,0.032563749,0.032219159,0.035148174,0.038077188,0.046175052,0.056340455,0.076154376,0.073742247,0.071847002,0.079255686,0.086147484,0.092350103,0.098552722,0.058924879,0.03049621,0.020158511,0.017401792,0.015851137,0.004824259,0.00172295,0.016405952,0.12361694,0.504006105,0.221671118,0.074589851,0.053796261,0.001907669,0.004006105,762,0.087254353,704280209.3,1938,1
五十嵐松山店,,0.6,0,1,0,0,1,6,7,0,7,10,11,15,4831,0.480438833,0.519561167,43548.13334,46.28443903,2792,0.566443498,0.039358896,0.02901197,0.020288091,0.038141611,0.049705823,0.056400893,0.064516129,0.084398458,0.083586934,0.075268817,0.078920674,0.07364577,0.069588152,0.079123554,0.055995131,0.050517346,0.024954352,0.015418949,0.008115236,0.002637452,0.000405762,0.009127337,0.1150935,0.489759573,0.229741763,0.072796082,0.07747106,0.001780944,0.004229742,691,0.087254353,704280209.3,929.6666667,1
五十嵐莊敬店,,0.9,0,2,0,5,2,3,5,1,6,8,15,21,8882,0.478495834,0.521504166,30061.10272,44.78440316,5077,0.564801424,0.04116142,0.036266548,0.031705418,0.04038269,0.05295361,0.061074647,0.068750695,0.074869285,0.07542552,0.07620425,0.079652909,0.075870508,0.076093003,0.069529425,0.052397375,0.035599066,0.023695628,0.016464568,0.008232284,0.002781177,0.000889977,0.014360639,0.126623377,0.513236763,0.216533467,0.057192807,0.065934066,0.002372627,0.003746254,723,0.087254353,704280209.3,386.3333333,1
五十嵐內湖園區店,,0.5,2,2,0,0,2,4,4,0,3,3,4,12,6288,0.473441476,0.526558524,35146.4455,39.41730159,3674,0.583174603,0.059047619,0.060634921,0.046507937,0.043968254,0.053333333,0.060952381,0.073333333,0.101587302,0.092698413,0.067619048,0.060952381,0.072698413,0.072539683,0.061269841,0.02952381,0.018095238,0.012539683,0.007142857,0.004761905,0.000793651,0,0.014087188,0.122786979,0.498762612,0.234151913,0.06320198,0.062059775,0.001332572,0.003616981,790,0.106293179,1025555594,1286.333333,1
五十嵐德安店,,0.6,0,2,0,1,3,8,8,0,3,2,6,9,8036,0.478222997,0.521777003,36757.2625,42.15130775,4852,0.593009044,0.051821071,0.038010266,0.026766072,0.043265705,0.056465412,0.069909558,0.080664874,0.094475678,0.080175996,0.059276461,0.070153997,0.081887069,0.083598142,0.075898313,0.037765827,0.020777316,0.013810804,0.008799804,0.004644341,0.001711073,0.00012222,0.009269507,0.10320974,0.502905368,0.24031544,0.070005534,0.068760376,0.001106807,0.004427227,711,0.106293179,1025555594,614.6666667,1
五十嵐東湖店,,0.2,1,2,0,0,2,3,4,0,1,1,2,5,7816,0.470573183,0.529426817,33476.40774,37.32991128,4602,0.583269962,0.047908745,0.074397972,0.071863118,0.06121673,0.065779468,0.062357414,0.057414449,0.079974651,0.084664132,0.070975919,0.083776933,0.078326996,0.06121673,0.04017744,0.022813688,0.014702155,0.012420786,0.005449937,0.003422053,0.000760456,0.000380228,0.011009751,0.137621894,0.557093426,0.209027996,0.039005977,0.043567159,0.001100975,0.001572822,898,0.106293179,1025555594,655.6666667,1
五十嵐文德店,,0.4,2,2,0,0,1,8,11,0,1,0,0,0,6289,0.470504055,0.529495945,8848.657247,40.96538763,3707,0.580579483,0.036805012,0.045732185,0.061550509,0.051213782,0.053719655,0.065309319,0.070790916,0.080031323,0.087235709,0.07220047,0.076115897,0.075176194,0.083007048,0.060767424,0.033202819,0.0192639,0.014252153,0.007674236,0.004698512,0.000939702,0.000313234,0.010247027,0.121134492,0.51747484,0.225434584,0.055809698,0.06294602,0.00073193,0.006221409,755,0.106293179,1025555594,735.6666667,1
五十嵐東湖二店,,0.7,0,2,0,0,0,3,4,0,0,1,1,4,7887,0.481805503,0.518194497,51129.0794,38.97330438,4910,0.627155448,0.053263507,0.039340912,0.04355601,0.056329033,0.065014689,0.07625495,0.085834717,0.095669945,0.08736748,0.062587815,0.074211266,0.080214587,0.075105377,0.049687061,0.023502363,0.011878912,0.011367991,0.00536467,0.003065526,0.00025546,0.00012773,0.004583765,0.083838533,0.486470501,0.271477155,0.077923998,0.070826556,0.001626497,0.003252994,677,0.106293179,1025555594,610,1
五十嵐瑞光店,,1.8,0,0,0,1,0,3,3,0,1,3,7,14,5477,0.485849918,0.514150082,2348.668834,41.4472326,3254,0.579106603,0.054280121,0.041822388,0.031678235,0.045203773,0.05214451,0.071187044,0.087738032,0.100373732,0.071720947,0.061754761,0.058729311,0.075458267,0.087915999,0.079729489,0.033635878,0.019042534,0.011745862,0.009076348,0.005872931,0.000355935,0.000533903,0.00877372,0.117527035,0.517649459,0.234441951,0.057131198,0.059783718,0.00122424,0.00346868,761,0.106293179,1025555594,485,1
五十嵐北投店,,0.8,0,2,0,0,4,9,10,2,5,5,5,8,5712,0.487044818,0.512955182,8021.73644,42.40778961,3521,0.586051931,0.043442077,0.038781625,0.035619174,0.048601864,0.061750999,0.066078562,0.071238349,0.084886818,0.078894807,0.072070573,0.077563249,0.073568575,0.082223702,0.064414115,0.035952064,0.028628495,0.017310253,0.012816245,0.004993342,0.000832224,0.000332889,0.010943396,0.096603774,0.451698113,0.255660377,0.08509434,0.091509434,0.00245283,0.006037736,687,0.089723852,1095531712,392,1
五十嵐奇岩店,,0.9,0,2,0,0,0,6,6,0,5,5,6,9,9544,0.511630344,0.488369656,40240.93745,44.64539081,5772,0.603955216,0.036831642,0.027519096,0.027414461,0.042900492,0.051689861,0.065292456,0.062467301,0.08004604,0.085591713,0.082871194,0.085487078,0.090509574,0.081406299,0.068012975,0.04091242,0.029611803,0.020927069,0.013079418,0.00606885,0.001150989,0.000209271,0.005645161,0.063248848,0.399308756,0.289861751,0.113364055,0.120391705,0.001382488,0.006797235,610,0.089723852,1095531712,417.3333333,1
五十嵐石牌店,,0.9,0,2,0,0,0,5,5,0,0,3,10,11,7745,0.471659135,0.528340865,27664.33841,43.11882323,4288,0.546102904,0.043046358,0.04686704,0.045593479,0.044701987,0.054126337,0.053616913,0.061767702,0.083927662,0.083418237,0.075904228,0.067116658,0.066225166,0.071701477,0.075904228,0.050687723,0.035277636,0.018976057,0.012098828,0.007004585,0.001528273,0.000509424,0.015763111,0.115497938,0.505892752,0.228491456,0.057896288,0.071744255,0.001915144,0.002799057,781,0.089723852,1095531712,825,1
五十嵐南港園區店,,0.3,1,3,0,2,0,3,4,0,0,0,4,4,8050,0.483602484,0.516397516,7628.698236,38.94547286,4851,0.610880242,0.080846241,0.059438358,0.029215464,0.038030475,0.049993704,0.054149351,0.068757083,0.106913487,0.107543131,0.082105528,0.072534945,0.068883012,0.058430928,0.054527138,0.029341393,0.016874449,0.012089158,0.007429795,0.002644503,0.000251857,0,0.022592873,0.161031084,0.508263836,0.189385898,0.056557998,0.057771039,0.0015163,0.00288097,988,0.041726568,681187333.8,397,1
五十嵐昆陽遠東店,,0.4,1,1,0,0,2,2,3,0,3,3,8,14,4809,0.479725515,0.520274485,10239.58661,41.19955384,2957,0.599675522,0.048874468,0.046846481,0.037112148,0.047657676,0.056378017,0.059419996,0.068545934,0.106266477,0.096126546,0.074427094,0.067126344,0.071385115,0.064489961,0.054552829,0.034678564,0.031028189,0.020077063,0.010951126,0.003650375,0.000202799,0.000202799,0.005846586,0.073199252,0.432179607,0.272684752,0.086295603,0.121375117,0.002572498,0.005846586,634,0.041726568,681187333.8,459.6666667,1
五十嵐同德店,,0.1,1,2,0,2,2,3,4,1,3,9,10,13,4232,0.477079395,0.522920605,40399.18122,44.14854658,2492,0.570382239,0.047150378,0.032043946,0.027237354,0.041428244,0.052185855,0.064774548,0.073243305,0.097734035,0.067750057,0.06614786,0.066376745,0.082169833,0.085374228,0.070267796,0.047150378,0.033875029,0.020828565,0.015335317,0.005951019,0.002746624,0.000228885,0.012038934,0.106813525,0.485655738,0.243084016,0.064293033,0.07914959,0.002817623,0.006147541,683,0.041726568,681187333.8,746,1
五十嵐昆陽店,,0.1,1,1,0,0,2,3,3,0,3,3,8,12,3695,0.473342355,0.526657645,2496.049079,43.12138114,2207,0.586188579,0.046480744,0.034794157,0.034528552,0.040371846,0.050730412,0.070916335,0.071447543,0.095883134,0.084196547,0.067197875,0.065073041,0.080743692,0.074900398,0.067729084,0.049667995,0.022841965,0.021779548,0.012217795,0.005312085,0.002921647,0.000265604,0.008711325,0.096124962,0.460198258,0.253529588,0.078401922,0.094022229,0.003304296,0.00570742,672,0.041726568,681187333.8,459.6666667,1
五十嵐士林捷運店,,1.1,0,3,0,0,1,9,13,2,7,8,14,16,2961,0.485984465,0.514015535,1457.187495,45.19802632,1664,0.547368421,0.046381579,0.036184211,0.033223684,0.038815789,0.051644737,0.063157895,0.060197368,0.073684211,0.069736842,0.06875,0.076644737,0.083552632,0.083552632,0.066118421,0.042763158,0.038157895,0.032894737,0.020723684,0.010526316,0.002631579,0.000657895,0.017113095,0.109747024,0.475818452,0.240327381,0.061383929,0.087425595,0.001488095,0.006696429,722,0.102633099,901552356.4,1636,1
五十嵐士東店,,1.5,0,0,1,4,1,3,6,0,2,5,8,8,5349,0.468124883,0.531875117,37986.59896,42.90850752,2966,0.543821049,0.046021269,0.050238357,0.037587092,0.043821049,0.050238357,0.057755776,0.068206821,0.091125779,0.080674734,0.067656766,0.061789512,0.066373304,0.082691602,0.080124679,0.050238357,0.026952695,0.017051705,0.011367803,0.009350935,0.000550055,0.000183352,0.014817951,0.133996613,0.528365792,0.222480948,0.046359018,0.049957663,0.00169348,0.002328535,763,0.102633099,901552356.4,475.3333333,1
五十嵐天母店,,1.6,0,0,0,3,0,3,6,0,1,1,6,12,9095,0.460472787,0.539527213,35580.50515,42.04469697,4910,0.531385281,0.049242424,0.052597403,0.055519481,0.047402597,0.053571429,0.05530303,0.062121212,0.08030303,0.070562771,0.065151515,0.073160173,0.071212121,0.076406926,0.07478355,0.043073593,0.026298701,0.019805195,0.012337662,0.008225108,0.002813853,0.000108225,0.020549705,0.13357308,0.555612638,0.200102749,0.043025944,0.045594657,0.000642178,0.00089905,835,0.102633099,901552356.4,514,1
五十嵐德行店,,0.3,1,2,1,1,2,5,9,0,6,6,8,14,4534,0.468019409,0.531980591,22920.89237,43.74725033,2550,0.560932688,0.045314562,0.036515618,0.04091509,0.041135064,0.04641443,0.060272767,0.065772107,0.085129784,0.085129784,0.076990761,0.0708315,0.070391553,0.077870656,0.069731632,0.052133744,0.033875935,0.023317202,0.010778707,0.005059393,0.001979762,0.000439947,0.014543631,0.108575727,0.486960883,0.242978937,0.066449348,0.075977934,0.001755266,0.002758275,699,0.102633099,901552356.4,401.3333333,1
五十嵐劍潭店,,0.6,0,1,0,0,0,5,5,1,12,12,21,31,5604,0.468772305,0.531227695,43597.78544,43.69189,3274,0.573480469,0.043965668,0.037659835,0.035032405,0.042739534,0.050446663,0.060255737,0.065510597,0.089507795,0.086354878,0.068488352,0.073392888,0.079523559,0.077421615,0.069714486,0.044315992,0.03117884,0.022946225,0.01296199,0.007531967,0.00087581,0.000175162,0.012294269,0.11263137,0.496926433,0.232996232,0.061074757,0.079119572,0.000793179,0.004164188,736,0.102633099,901552356.4,924,1
五十嵐士林文林店,,0.5,3,4,0,0,3,6,13,2,8,9,15,25,3918,0.482388974,0.517611026,29897.91205,43.34082959,2247,0.561469265,0.042728636,0.044977511,0.040229885,0.043728136,0.055972014,0.060969515,0.064217891,0.082708646,0.08195902,0.070464768,0.076961519,0.068215892,0.069465267,0.059470265,0.046226887,0.041729135,0.025737131,0.017491254,0.005747126,0.0009995,0,0.009455587,0.072492837,0.46017192,0.271346705,0.079942693,0.100573066,0.002005731,0.004011461,668,0.102633099,901552356.4,1277,1
五十嵐寧夏店,,0.6,0,6,0,4,0,8,9,3,19,24,36,46,9635,0.48168137,0.51831863,45712.42139,41.17996119,5447,0.556327239,0.042896538,0.052088653,0.063834133,0.051169441,0.05025023,0.051373711,0.06199571,0.086405883,0.091512614,0.07660096,0.068123787,0.070064345,0.073128383,0.05821673,0.034725769,0.029312634,0.020631192,0.011643346,0.004596058,0.001429885,0,0.00922778,0.079286061,0.447304517,0.281204468,0.087663915,0.087906751,0.002792618,0.00461389,674,0.046560732,677679895.4,490,1
五十嵐承德店,,0.5,1,5,2,9,2,5,9,4,18,28,40,44,3274,0.476481368,0.523518632,21907.82621,44.90729259,1860,0.549158547,0.043991733,0.038382049,0.031886625,0.035429584,0.048125185,0.054915855,0.065839976,0.084440508,0.083554768,0.06554473,0.067316209,0.079421317,0.095069383,0.078535577,0.044877473,0.032477118,0.025981695,0.016829052,0.006200177,0.001180986,0,0.011,0.097666667,0.489,0.267,0.067333333,0.065,0.001333333,0.001666667,603,0.046560732,677679895.4,1317.333333,1
五十嵐昌吉店,,0.6,0,4,0,0,1,11,14,0,14,0,0,0,4726,0.487939061,0.512060939,42793.23177,44.16,2863,0.587282051,0.046769231,0.029333333,0.025641026,0.045948718,0.051282051,0.057435897,0.067897436,0.088,0.083282051,0.075487179,0.080410256,0.083487179,0.075692308,0.076512821,0.034461538,0.03425641,0.024615385,0.012307692,0.005538462,0.001025641,0.000615385,0.008221055,0.07787166,0.401004796,0.292989267,0.108700617,0.09773921,0.002968714,0.010504681,630,0.046560732,677679895.4,444.3333333,1
五十嵐重慶店,,0.7,0,5,0,9,0,5,10,4,18,30,39,42,4797,0.474880133,0.525119867,39171.1451,43.36220633,2776,0.567109295,0.049846782,0.04514811,0.030847804,0.041062308,0.04514811,0.052706844,0.069867211,0.098059244,0.085393258,0.071705822,0.070888662,0.073340143,0.071501532,0.074770174,0.043309499,0.033707865,0.023493361,0.013483146,0.003677222,0.001838611,0.00020429,0.00888058,0.094414583,0.437952793,0.277167563,0.083430708,0.091843889,0.002103295,0.00420659,658,0.046560732,677679895.4,644,1
五十嵐重慶酒泉店,,0.8,0,2,0,0,1,7,7,2,10,15,27,40,7935,0.476874606,0.523125394,32690.63772,44.14586909,4694,0.575386124,0.052463839,0.033586663,0.023902917,0.040328512,0.051973523,0.059450846,0.072199068,0.085805344,0.080779603,0.076611915,0.072444227,0.076121598,0.075508703,0.070115224,0.040696249,0.034199559,0.03015445,0.015567541,0.005761216,0.002206423,0.000122579,0.009502823,0.091034293,0.456135519,0.272138824,0.075747142,0.089106184,0.001790387,0.004544829,643,0.046560732,677679895.4,340,1
五十嵐大安店,,0.5,1,5,1,7,3,16,19,1,9,15,28,40,5733,0.460491889,0.539508111,39342.74082,44.56971438,2968,0.501605543,0.041406118,0.054588474,0.051039378,0.045124218,0.043265168,0.050701369,0.044279196,0.068277844,0.07740409,0.067263816,0.069798885,0.080615177,0.078756126,0.080108163,0.054588474,0.036335981,0.026195707,0.018590502,0.007943214,0.003211087,0.000507014,0.026946701,0.165841094,0.565088171,0.177927482,0.037646126,0.024370913,0.000198138,0.001981375,865,0.125342505,1003156621,492.3333333,1
五十嵐師大店,,0.2,1,2,0,1,0,5,8,3,7,15,28,39,4308,0.473537604,0.526462396,40489.40898,44.04590542,2291,0.528489043,0.042445213,0.046366782,0.052825836,0.03621684,0.047981546,0.051903114,0.058131488,0.074509804,0.083737024,0.078892734,0.065974625,0.067358708,0.079584775,0.076124567,0.051672434,0.036678201,0.023298731,0.01361015,0.010611303,0.002076125,0,0.041924214,0.188121473,0.534802472,0.158022037,0.03735555,0.035474335,0.001881215,0.002418705,860,0.125342505,1003156621,697,1
五十嵐忠孝延吉店,,0.4,2,2,1,3,0,3,8,3,11,15,21,28,6357,0.450526978,0.549473022,52217.28361,45.39870888,3282,0.504457424,0.042422379,0.046572395,0.044881648,0.046726099,0.045803873,0.044113126,0.046879803,0.071318783,0.073778051,0.077313249,0.0719336,0.073316938,0.069320627,0.078850292,0.057331694,0.049339072,0.029203812,0.018598217,0.009990778,0.001998156,0.000307409,0.020053239,0.160425909,0.556699201,0.189529725,0.042058563,0.027684117,0.001597161,0.001952085,872,0.125342505,1003156621,1034.666667,1
五十嵐SOGO店,,0.3,1,4,4,7,0,5,10,1,9,15,27,45,7461,0.449537595,0.550462405,38577.14778,45.14372203,3956,0.520663333,0.046064754,0.048960253,0.038299553,0.037509871,0.044353777,0.046327981,0.055804159,0.075941037,0.080021058,0.06870229,0.07199263,0.0775204,0.074756515,0.081073967,0.057646749,0.037641485,0.028691761,0.016714925,0.008423269,0.00329034,0.000263227,0.018071374,0.147760061,0.543356112,0.2,0.049810175,0.038268793,0.001214882,0.001518603,786,0.125342505,1003156621,921.3333333,1
五十嵐復興店,,0.2,3,4,0,2,2,9,17,0,6,13,24,36,3512,0.473519362,0.526480638,39772.50575,46.28787879,1861,0.532018296,0.038021727,0.03401944,0.031732419,0.040594626,0.052601487,0.060034305,0.060606061,0.069468268,0.072327044,0.060034305,0.073470555,0.083476272,0.078044597,0.07890223,0.061463694,0.046883934,0.024585477,0.022298456,0.008576329,0.002001144,0.000857633,0.028708134,0.158851675,0.536523126,0.183413078,0.043062201,0.044338118,0.001913876,0.003189793,809,0.125342505,1003156621,1340.333333,1
五十嵐永康店,,0.3,2,4,0,0,1,4,9,2,11,18,36,44,4001,0.475381155,0.524618845,32980.3596,40.69156087,2039,0.507592731,0.048294747,0.073188947,0.075180483,0.052775703,0.045805327,0.043315907,0.051033109,0.069952701,0.086631815,0.076923077,0.067712223,0.066218571,0.065969629,0.059497137,0.042320139,0.028130446,0.021906896,0.015683346,0.00622355,0.002738362,0.000497884,0.029129222,0.174775333,0.538580725,0.187170747,0.035636814,0.032228076,0.000619771,0.001859312,930,0.125342505,1003156621,355.6666667,1
五十嵐通化店,,0.6,0,1,0,2,3,8,14,0,7,12,21,27,4125,0.471030303,0.528969697,56271.69729,44.15605701,2464,0.585273159,0.041567696,0.031828979,0.035154394,0.044893112,0.05391924,0.062232779,0.065795724,0.079809976,0.082422803,0.075059382,0.080285036,0.085748219,0.071733967,0.060570071,0.040617577,0.036342043,0.025178147,0.016627078,0.008551069,0.001425178,0.00023753,0.013056222,0.091127098,0.458033573,0.264055422,0.07300826,0.091127098,0.001865175,0.007727152,652,0.125342505,1003156621,726,1
五十嵐木柵店,,1.4,0,0,0,0,3,4,11,0,2,3,5,5,10162,0.504920291,0.495079709,31967.14737,44.2772383,6138,0.596038066,0.037677219,0.030394251,0.02990872,0.044377549,0.057486891,0.06292484,0.06447854,0.077005244,0.082637405,0.075354438,0.087978248,0.088172461,0.083414255,0.071664401,0.036900369,0.028160808,0.018158866,0.012429598,0.008059817,0.001845018,0.000971062,0.01507159,0.093551513,0.436968457,0.266551836,0.095381634,0.082463128,0.003229626,0.006782216,662,0.096850182,1276190798,369.3333333,1
五十嵐政大店,,1.5,0,0,0,0,1,7,10,0,3,4,5,5,8733,0.481850452,0.518149548,2930.995705,40.63959678,5099,0.577528599,0.039868615,0.056518292,0.05901008,0.054026504,0.064673236,0.061728395,0.058330502,0.070562918,0.074753653,0.083474912,0.084720806,0.079284177,0.071808812,0.049269453,0.031034092,0.022992411,0.017555782,0.013365047,0.004757051,0.00181221,0.000453052,0.039426043,0.15582674,0.479683519,0.20611506,0.052568057,0.059139064,0.000938715,0.006302803,816,0.096850182,1276190798,369.3333333,1
五十嵐木新店,,2.2,0,0,0,0,1,6,7,0,0,2,4,5,4901,0.474392981,0.525607019,64073.28363,41.12385321,2923,0.582967691,0.044076586,0.047068209,0.049062625,0.053649781,0.059633028,0.062225768,0.062026326,0.085959314,0.093538093,0.077582768,0.069006781,0.072995612,0.064020742,0.057239729,0.043079378,0.025329079,0.013761468,0.01276426,0.004986039,0.001994416,0,0.014381814,0.10322431,0.475759685,0.246346555,0.07190907,0.080955695,0.001623753,0.005799119,700,0.096850182,1276190798,420,1
五十嵐萬隆店,,1.1,0,1,0,0,0,4,7,0,4,4,8,13,4667,0.473323334,0.526676666,45046.93553,42.89652266,2658,0.560168599,0.045943098,0.042781876,0.051844046,0.040252898,0.054794521,0.055637513,0.060695469,0.086617492,0.081981033,0.07081138,0.078609062,0.071022129,0.065542677,0.069968388,0.042571128,0.032665964,0.024236038,0.014541623,0.007586934,0.001896733,0,0.011280039,0.12849436,0.51250613,0.217018146,0.053948014,0.070132418,0.002697401,0.003923492,735,0.096850182,1276190798,379.3333333,1
五十嵐興隆店,,0.5,1,2,0,0,2,6,9,0,1,1,5,8,4065,0.471340713,0.528659287,8974.644775,43.89238001,2453,0.606877783,0.048490846,0.031420089,0.023503216,0.04131618,0.054923305,0.062345374,0.062840178,0.086095992,0.076694706,0.084611578,0.092775854,0.086590797,0.076447303,0.061850569,0.040079169,0.030677882,0.015586343,0.013607125,0.007669471,0.00222662,0.000247402,0.01683223,0.122516556,0.509933775,0.22102649,0.053807947,0.067604857,0.002483444,0.005794702,749,0.096850182,1276190798,441.3333333,1
五十嵐八德店,,1,0,0,0,0,2,7,6,2,3,13,16,26,8219,0.461613335,0.538386665,38172.79124,44.6070748,4684,0.557884707,0.039542639,0.037398761,0.034302049,0.036088614,0.05550262,0.062053359,0.067532158,0.083015722,0.075512149,0.065745593,0.069676036,0.07884707,0.08325393,0.083015722,0.052763221,0.033111005,0.018937589,0.012863268,0.008337303,0.002024774,0.000476417,0.015009381,0.136424551,0.556151166,0.20195658,0.048110426,0.040471723,0.000670062,0.001206111,762,0.08152381,858932317.5,369.3333333,1
五十嵐北寧店,,0.6,0,4,0,3,0,4,6,2,7,15,21,35,3752,0.473081023,0.526918977,17167.70165,40.87281399,1943,0.514838368,0.045839958,0.061208267,0.080286169,0.055113937,0.043190249,0.043720191,0.04981452,0.073131955,0.094064653,0.087175411,0.063063063,0.060678325,0.058823529,0.064122946,0.04954955,0.028881823,0.019607843,0.011658718,0.0063593,0.002914679,0.000794913,0.016302576,0.14411477,0.525268993,0.208999022,0.05151614,0.050537985,0.000652103,0.002608412,842,0.08152381,858932317.5,730.6666667,1
五十嵐南京三民店,,1.3,0,0,0,0,0,6,6,1,8,13,16,25,6958,0.466944524,0.533055476,36700.28739,46.090513,3864,0.543078004,0.036823612,0.031342235,0.031061138,0.042304989,0.059030218,0.058186929,0.059732959,0.068728039,0.069149684,0.064652143,0.082642305,0.080955727,0.082361209,0.08151792,0.051721715,0.038931834,0.027125791,0.019255095,0.011103303,0.003092059,0.000281096,0.016383211,0.132157903,0.563270401,0.194258075,0.04556093,0.045872991,0.000624122,0.001872367,764,0.08152381,858932317.5,751.3333333,1
五十嵐饒河店,,0.2,1,2,2,2,0,1,3,1,4,7,11,14,8075,0.492012384,0.507987616,25540.33261,44.97455127,4907,0.603270224,0.040447504,0.034177526,0.01979346,0.035406934,0.049422179,0.059380379,0.071059749,0.089992624,0.084583231,0.077944431,0.08446029,0.086427342,0.080649127,0.068969757,0.040078682,0.029997541,0.0199164,0.010572904,0.007130563,0.005409393,0.004179985,0.005973391,0.08946511,0.466196036,0.270567472,0.083084442,0.078875916,0.002172142,0.00366549,662,0.08152381,858932317.5,934,1
五十嵐新東店,,2,0,0,0,0,0,3,3,0,7,9,14,20,5021,0.474606652,0.525393348,14302.78099,43.31311155,2776,0.543248532,0.04853229,0.052054795,0.042074364,0.036986301,0.05146771,0.049119374,0.059295499,0.085322896,0.090802348,0.067123288,0.068688845,0.071428571,0.071624266,0.076712329,0.055968689,0.030919765,0.02035225,0.012133072,0.007436399,0.001369863,0.000587084,0.011869436,0.11755307,0.541428898,0.215932436,0.053640721,0.057292856,0.000456517,0.001826067,775,0.08152381,858932317.5,671,1
五十嵐民生店,,0.9,0,2,0,1,1,2,5,1,5,9,21,32,2821,0.460829493,0.539170507,52721.46216,41.1948324,1435,0.501047486,0.053421788,0.056913408,0.078561453,0.050628492,0.056215084,0.045740223,0.045041899,0.067388268,0.085544693,0.074022346,0.067388268,0.059706704,0.063547486,0.061452514,0.056913408,0.033170391,0.024092179,0.01396648,0.004539106,0.001396648,0.000349162,0.022384847,0.15669393,0.560482135,0.180800689,0.040034438,0.037021093,0.000860956,0.001721911,916,0.08152381,858932317.5,816,1
五十嵐寶興店,,1.2,0,0,0,0,1,2,2,0,8,13,23,28,5546,0.483231158,0.516768842,38686.23318,43.58845405,3381,0.598724987,0.050292191,0.037542058,0.022843988,0.035771206,0.05471932,0.063927749,0.072782008,0.102178148,0.078979989,0.072604923,0.07419869,0.07933416,0.069063219,0.059323535,0.041615017,0.033823269,0.027625288,0.015937666,0.006020896,0.001239596,0.000177085,0.004978096,0.056152927,0.397849462,0.295101553,0.109916368,0.124850657,0.004978096,0.00617284,599,0.068733215,1220539682,283.3333333,1
五十嵐西門店,,0.2,1,4,8,8,3,5,7,8,22,24,32,40,3748,0.459711846,0.540288154,26275.98299,45.01412873,2210,0.578231293,0.053113553,0.034013605,0.021978022,0.031135531,0.041862899,0.044740973,0.064364207,0.094976452,0.095761381,0.086080586,0.078231293,0.072213501,0.082679226,0.073783359,0.049188906,0.027472527,0.019623234,0.01674516,0.008634223,0.002354788,0.001046572,0.020851689,0.092217327,0.45256975,0.263436123,0.091923642,0.074008811,0.000587372,0.004405286,701,0.068733215,1220539682,1125.666667,1
五十嵐西寧店,,0.6,0,2,4,8,0,5,5,3,22,24,34,39,3258,0.481276857,0.518723143,19739.80651,47.29997003,1863,0.558285886,0.039556488,0.029068025,0.02517231,0.027869344,0.035061432,0.044051543,0.056937369,0.077314954,0.086904405,0.084507042,0.09109979,0.08240935,0.089002098,0.087204076,0.055738687,0.040455499,0.025771651,0.011687144,0.00839077,0.001798022,0,0.009920635,0.083002646,0.422619048,0.283730159,0.118716931,0.075066138,0.003306878,0.003637566,676,0.068733215,1220539682,2567,1
清心福全文大店,,5.5,0,0,0,0,1,3,3,0,0,1,1,1,3052,0.484272608,0.515727392,1400.661288,47.81612903,1692,0.545806452,0.037419355,0.020967742,0.02,0.038387097,0.054516129,0.057741935,0.064193548,0.070322581,0.070967742,0.061612903,0.080322581,0.086129032,0.088709677,0.07516129,0.051290323,0.041612903,0.042580645,0.019032258,0.013870968,0.004516129,0.000645161,0.018550928,0.10220511,0.456422821,0.231361568,0.079103955,0.102555128,0.00280014,0.00700035,721,0.102633099,901552356.4,481.6666667,1
清心福全承德店,,0.8,0,1,0,0,0,5,7,0,13,12,18,26,6279,0.475075649,0.524924351,42704.70589,43.16734185,3751,0.584449984,0.045808663,0.038173886,0.034434403,0.043004051,0.050483017,0.059208476,0.076036148,0.087098785,0.08756622,0.070582736,0.075724525,0.077750078,0.076659395,0.0674665,0.037239015,0.028357744,0.024774073,0.011997507,0.005920848,0.001402306,0.000311624,0.005302227,0.060622128,0.395546129,0.30116649,0.114881584,0.111876988,0.002474373,0.008130081,621,0.102633099,901552356.4,924,1
清心福全劍潭店,,0.4,2,4,1,0,0,10,9,2,9,16,19,30,3250,0.484615385,0.515384615,14887.84262,42.43396779,1930,0.565153734,0.044802343,0.042752562,0.047437775,0.050658858,0.060029283,0.054172767,0.064714495,0.084333821,0.0761347,0.069985359,0.070278184,0.085505124,0.076427526,0.057979502,0.039238653,0.030161054,0.025183016,0.014934114,0.003513909,0.001756955,0,0.010832769,0.096817874,0.452945159,0.266079892,0.075152336,0.092755586,0.001015572,0.004400812,746,0.102633099,901552356.4,1364,1
清心福全福華店,,0.3,1,2,1,1,2,4,9,0,6,6,8,13,4534,0.468019409,0.531980591,22920.89237,43.74725033,2550,0.560932688,0.045314562,0.036515618,0.04091509,0.041135064,0.04641443,0.060272767,0.065772107,0.085129784,0.085129784,0.076990761,0.0708315,0.070391553,0.077870656,0.069731632,0.052133744,0.033875935,0.023317202,0.010778707,0.005059393,0.001979762,0.000439947,0.014543631,0.108575727,0.486960883,0.242978937,0.066449348,0.075977934,0.001755266,0.002758275,699,0.102633099,901552356.4,1577.666667,1
清心福全陽明店,,0.2,1,5,0,0,0,9,10,1,13,10,15,24,3918,0.482388974,0.517611026,29897.91205,43.34082959,2247,0.561469265,0.042728636,0.044977511,0.040229885,0.043728136,0.055972014,0.060969515,0.064217891,0.082708646,0.08195902,0.070464768,0.076961519,0.068215892,0.069465267,0.059470265,0.046226887,0.041729135,0.025737131,0.017491254,0.005747126,0.0009995,0,0.009455587,0.072492837,0.46017192,0.271346705,0.079942693,0.100573066,0.002005731,0.004011461,668,0.102633099,901552356.4,597.6666667,1
清心福全社子店,,2.7,0,0,0,0,0,0,0,0,5,6,15,21,9273,0.49854416,0.50145584,23220.56443,41.99386503,5537,0.58567802,0.050560609,0.038607997,0.038396446,0.048339327,0.05394542,0.055955151,0.064734504,0.095092025,0.098688386,0.080812355,0.067378887,0.069071293,0.070340597,0.068648191,0.038290671,0.029299767,0.018193357,0.007721599,0.004548339,0.001163529,0.000211551,0.003879728,0.055771096,0.389548982,0.295950533,0.112754607,0.133608147,0.002303589,0.006183317,592,0.102633099,901552356.4,431.6666667,1
清心福全忠義店,,1.3,0,0,1,4,1,1,4,1,2,8,8,8,5831,0.468358772,0.531641228,10936.69691,43.1914043,3334,0.555388972,0.045977011,0.044977511,0.03848076,0.036148592,0.056638347,0.060303182,0.069298684,0.090121606,0.07896052,0.060136598,0.06663335,0.073296685,0.084624354,0.084790938,0.044644344,0.02615359,0.016158587,0.014492754,0.006163585,0.001999,0,0.017795637,0.124186759,0.522196709,0.222923842,0.055683123,0.053769613,0.000382702,0.003061615,795,0.102633099,901552356.4,557,1
清心福全文昌店,,0.7,0,4,0,0,1,11,16,3,6,6,12,15,7908,0.480020233,0.519979767,15467.5576,42.94475551,4447,0.553315914,0.048774418,0.048774418,0.039442578,0.046659201,0.055991041,0.055742192,0.060594749,0.0806271,0.082493468,0.069802165,0.076645514,0.071419684,0.07241508,0.05760856,0.046410352,0.038073908,0.025755879,0.01343785,0.006967774,0.001990793,0.000373274,0.012975779,0.114763552,0.481257209,0.234717416,0.066897347,0.084198385,0.000865052,0.00432526,713,0.102633099,901552356.4,735.6666667,1
清心福全天母店,,1.5,0,0,0,3,0,3,6,0,1,1,6,12,5262,0.458190802,0.541809198,24732.70805,42.91823662,2806,0.528636021,0.04483798,0.054257724,0.045026375,0.04596835,0.05331575,0.054069329,0.06066315,0.077241899,0.077430294,0.067068576,0.069894499,0.068952524,0.08383572,0.081574981,0.047663904,0.028636021,0.01582517,0.012622457,0.009231349,0.001507159,0.00037679,0.018710103,0.136693815,0.560422628,0.195905789,0.043143297,0.043363416,0.000440238,0.001320713,894,0.102633099,901552356.4,514,1
清心福全站前店,,0.4,2,4,4,10,1,4,10,4,17,27,40,46,3274,0.476481368,0.523518632,21907.82621,44.90729259,1860,0.549158547,0.043991733,0.038382049,0.031886625,0.035429584,0.048125185,0.054915855,0.065839976,0.084440508,0.083554768,0.06554473,0.067316209,0.079421317,0.095069383,0.078535577,0.044877473,0.032477118,0.025981695,0.016829052,0.006200177,0.001180986,0,0.011,0.097666667,0.489,0.267,0.067333333,0.065,0.001333333,0.001666667,603,0.046560732,677679895.4,558,1
清心福全迪化店,,0.6,0,2,0,1,1,4,9,3,17,29,33,41,5164,0.49883811,0.50116189,23902.47492,43.44231841,3031,0.563068921,0.050900985,0.038268623,0.034738993,0.040683634,0.054244845,0.059632175,0.066691436,0.090655768,0.084153818,0.064833736,0.070035296,0.072821847,0.074308007,0.070592606,0.045699424,0.035482073,0.025450492,0.013746981,0.00538733,0.00130039,0.00037154,0.01187447,0.100084818,0.481976251,0.261662426,0.075063613,0.06764207,0.000848176,0.000848176,677,0.046560732,677679895.4,357.6666667,1
清心福全寧夏店,,0.6,0,7,0,5,2,7,9,5,18,26,36,42,6260,0.473482428,0.526517572,40273.9379,40.19359924,3594,0.56660886,0.063534605,0.065741763,0.045089075,0.041305376,0.046665616,0.049818698,0.062115718,0.100740974,0.098376163,0.071102002,0.068737191,0.069052499,0.060696831,0.064638184,0.032949708,0.026012928,0.018918493,0.009459246,0.003626044,0.001261233,0.000157654,0.011265992,0.103303418,0.464769906,0.270765706,0.07771625,0.067023105,0.001718541,0.003437082,757,0.046560732,677679895.4,490,1
清心福全延平北店,,0.4,1,3,0,0,2,7,7,0,12,20,32,41,3387,0.481842338,0.518157662,27794.61838,42.53651685,1784,0.556803995,0.04650437,0.040574282,0.058052434,0.043071161,0.050249688,0.060861423,0.061797753,0.083021223,0.092696629,0.06835206,0.070224719,0.069600499,0.065543071,0.060549313,0.044007491,0.036828964,0.024656679,0.013732834,0.008739076,0.00093633,0,0.008032129,0.075940124,0.43263965,0.297553852,0.082146769,0.097115736,0.00109529,0.005476451,646,0.046560732,677679895.4,371.3333333,1
清心福全大龍店,,0.6,0,2,0,0,1,7,7,3,10,15,27,38,7935,0.476874606,0.523125394,32690.63772,44.14586909,4694,0.575386124,0.052463839,0.033586663,0.023902917,0.040328512,0.051973523,0.059450846,0.072199068,0.085805344,0.080779603,0.076611915,0.072444227,0.076121598,0.075508703,0.070115224,0.040696249,0.034199559,0.03015445,0.015567541,0.005761216,0.002206423,0.000122579,0.009502823,0.091034293,0.456135519,0.272138824,0.075747142,0.089106184,0.001790387,0.004544829,643,0.046560732,677679895.4,415.6666667,1
清心福全金山南店,,0.3,2,4,0,0,1,5,12,2,15,25,37,47,4001,0.475381155,0.524618845,32980.3596,40.69156087,2039,0.507592731,0.048294747,0.073188947,0.075180483,0.052775703,0.045805327,0.043315907,0.051033109,0.069952701,0.086631815,0.076923077,0.067712223,0.066218571,0.065969629,0.059497137,0.042320139,0.028130446,0.021906896,0.015683346,0.00622355,0.002738362,0.000497884,0.029129222,0.174775333,0.538580725,0.187170747,0.035636814,0.032228076,0.000619771,0.001859312,930,0.125342505,1003156621,528,1
清心福全建國南店,,0.3,2,7,0,0,4,12,14,2,7,18,35,44,6831,0.464353682,0.535646318,30915.63676,44.3679747,3716,0.534138278,0.045421877,0.0487279,0.039384792,0.037516171,0.052752623,0.050740262,0.056346126,0.078482104,0.078913325,0.068851516,0.07330746,0.074744861,0.075463562,0.077763404,0.052608883,0.03665373,0.025585741,0.015380193,0.009630588,0.001006181,0.000718701,0.026211015,0.176841407,0.553915063,0.172362309,0.036164565,0.03251493,0.000331785,0.001658925,853,0.125342505,1003156621,511.3333333,1
清心福全通化店,,0.6,0,1,0,2,5,8,13,1,7,12,21,28,4125,0.471030303,0.528969697,56271.69729,44.15605701,2464,0.585273159,0.041567696,0.031828979,0.035154394,0.044893112,0.05391924,0.062232779,0.065795724,0.079809976,0.082422803,0.075059382,0.080285036,0.085748219,0.071733967,0.060570071,0.040617577,0.036342043,0.025178147,0.016627078,0.008551069,0.001425178,0.00023753,0.013056222,0.091127098,0.458033573,0.264055422,0.07300826,0.091127098,0.001865175,0.007727152,652,0.125342505,1003156621,726,1
清心福全忠孝SOGO店,,0.4,1,5,4,8,0,5,6,2,9,13,26,44,7461,0.449537595,0.550462405,38577.14778,45.14372203,3956,0.520663333,0.046064754,0.048960253,0.038299553,0.037509871,0.044353777,0.046327981,0.055804159,0.075941037,0.080021058,0.06870229,0.07199263,0.0775204,0.074756515,0.081073967,0.057646749,0.037641485,0.028691761,0.016714925,0.008423269,0.00329034,0.000263227,0.018071374,0.147760061,0.543356112,0.2,0.049810175,0.038268793,0.001214882,0.001518603,786,0.125342505,1003156621,1200.666667,1
清心福全和平東店,,0.3,1,0,0,1,4,4,15,0,2,13,25,40,7684,0.472670484,0.527329516,24520.78286,44.23454732,4400,0.564247243,0.04834573,0.031418312,0.031290074,0.036419595,0.051808156,0.058476532,0.073736856,0.090536035,0.077712234,0.068863811,0.067966145,0.075147474,0.082072326,0.082969992,0.054501154,0.030392408,0.016927417,0.012567325,0.0064119,0.002436522,0,0.013416042,0.117714945,0.51644547,0.227928448,0.055972302,0.063185228,0.001154068,0.004183497,743,0.125342505,1003156621,502.3333333,1
清心福全成功店,,0.5,1,5,1,2,3,14,18,0,6,13,21,37,4742,0.457612822,0.542387178,29709.0724,45.34597254,2584,0.529616725,0.037712646,0.041401927,0.040787047,0.040787047,0.054519369,0.06046321,0.051240008,0.069481451,0.075835212,0.066816971,0.079319533,0.071940972,0.075220332,0.079114573,0.054929289,0.040172166,0.028284485,0.017216643,0.010043042,0.004509121,0.00020496,0.022356777,0.163251048,0.527945971,0.196786213,0.042617606,0.044946437,0.000698649,0.001397299,830,0.125342505,1003156621,452,1
清心福全市民店,,0.5,2,3,2,2,0,5,10,2,10,21,40,54,6704,0.470912888,0.529087112,19978.20806,46.46554499,3505,0.512801756,0.047549378,0.037307974,0.026042429,0.04228237,0.052377469,0.052231163,0.053840527,0.071689832,0.066276518,0.059839064,0.073445501,0.083101683,0.085881492,0.082370154,0.05544989,0.038771031,0.029992685,0.023701536,0.013752743,0.003072421,0.00102414,0.031594537,0.160111897,0.528056607,0.184301465,0.049695573,0.041961494,0.001810104,0.002468323,898,0.125342505,1003156621,584.3333333,1
清心福全大安店,,0.5,1,5,1,6,3,16,19,1,9,15,28,39,5733,0.460491889,0.539508111,39342.74082,44.56971438,2968,0.501605543,0.041406118,0.054588474,0.051039378,0.045124218,0.043265168,0.050701369,0.044279196,0.068277844,0.07740409,0.067263816,0.069798885,0.080615177,0.078756126,0.080108163,0.054588474,0.036335981,0.026195707,0.018590502,0.007943214,0.003211087,0.000507014,0.026946701,0.165841094,0.565088171,0.177927482,0.037646126,0.024370913,0.000198138,0.001981375,865,0.125342505,1003156621,492.3333333,1
清心福全林森北店,,0.7,0,3,0,6,0,7,10,2,15,26,40,48,5250,0.431428571,0.568571429,39678.75784,44.80045309,3225,0.60883519,0.039456296,0.030205777,0.023220691,0.032282424,0.04606381,0.064376062,0.067585426,0.092693978,0.087219181,0.074759298,0.083254672,0.092882764,0.085708892,0.073626581,0.042099301,0.026241269,0.020766472,0.01113838,0.004719653,0.001510289,0.000188786,0.009781478,0.091779396,0.471592092,0.277835588,0.081581686,0.063475546,0.001248699,0.002705515,618,0.091203468,450445974.8,1213,1
清心福全四平店,,0.4,1,3,0,0,2,5,6,0,10,17,31,50,3703,0.466648663,0.533351337,14900.94973,42.2590441,2056,0.542909955,0.041721679,0.057037233,0.055452865,0.048323211,0.053076314,0.052548191,0.056245049,0.07525746,0.078162134,0.083443359,0.079746501,0.064430948,0.071296541,0.063374703,0.043570108,0.029046739,0.02297333,0.013203063,0.007657777,0.003168735,0.000264061,0.013112707,0.122073057,0.543552919,0.216047456,0.053699657,0.050577584,0,0.000936622,719,0.091203468,450445974.8,762,1
清心福全新長春店,,0.5,1,4,1,3,0,5,6,1,6,12,27,43,4758,0.451660361,0.548339639,21393.79621,43.88157075,2683,0.557448577,0.043008519,0.04674839,0.036152088,0.04342406,0.052981508,0.05672138,0.062331186,0.076667359,0.075420736,0.073758571,0.076459589,0.083108248,0.075005194,0.072511947,0.046540619,0.030750052,0.019738209,0.014751714,0.011219614,0.002077706,0.000623312,0.015925838,0.143094842,0.531019729,0.212027573,0.044687426,0.049679106,0.001188495,0.002376991,785,0.091203468,450445974.8,949.3333333,1
清心福全民生東店,,0.5,1,4,1,7,0,3,5,1,7,14,33,48,6198,0.461923201,0.538076799,21331.73117,45.23009709,3361,0.543851133,0.041262136,0.043042071,0.027508091,0.037702265,0.053236246,0.059223301,0.059223301,0.082038835,0.068446602,0.065857605,0.072815534,0.083009709,0.086245955,0.082524272,0.048058252,0.034304207,0.027346278,0.018770227,0.007443366,0.001779935,0.000161812,0.016578612,0.141009291,0.526689743,0.203497905,0.061577701,0.048096192,0.00072873,0.001821825,824,0.091203468,450445974.8,1235.333333,1
清心福全長春二店,,0.5,1,3,0,1,0,6,8,0,11,21,33,47,5817,0.470861269,0.529138731,30298.77331,42.4739433,3266,0.554405025,0.04379562,0.054999151,0.049397386,0.046341877,0.047699881,0.053131896,0.054320149,0.085214734,0.091665252,0.071634697,0.074690205,0.076048209,0.067900187,0.061619419,0.046002377,0.031403836,0.023086063,0.01459854,0.005092514,0.001188253,0.00016975,0.017337585,0.127740136,0.51853328,0.229573535,0.05400558,0.050418493,0.001195695,0.001195695,796,0.091203468,450445974.8,541.3333333,1
清心福全雙城店,,0.8,0,5,0,0,3,9,10,4,13,17,28,47,5068,0.433307024,0.566692976,38310.23299,43.59832969,3004,0.597335454,0.05885862,0.037582024,0.020878902,0.03121893,0.039172798,0.055080533,0.078942136,0.095645258,0.09186717,0.079936369,0.080135216,0.076555975,0.080930603,0.065221714,0.038377411,0.030224697,0.019685822,0.012527341,0.005368861,0.001391927,0.000397693,0.012390178,0.103852219,0.499887362,0.247803559,0.067582789,0.063527822,0.002478036,0.002478036,723,0.091203468,450445974.8,597.6666667,1
清心福全德惠店,,0.7,0,2,0,0,2,7,11,1,11,25,39,52,5235,0.467430755,0.532569245,47648.61082,42.87567367,3201,0.594870842,0.049990708,0.041070433,0.030291767,0.038654525,0.054265007,0.056680914,0.066530385,0.100910611,0.083441739,0.077866568,0.074521464,0.080654154,0.0713622,0.068017097,0.038468686,0.028061699,0.026017469,0.008920275,0.003345103,0.000743356,0.000185839,0.009940778,0.090736041,0.464678511,0.263536379,0.077199662,0.089467005,0.002115059,0.002326565,648,0.091203468,450445974.8,489.6666667,1
清心福全復興北店,,0.8,0,3,0,0,1,2,2,0,7,9,22,36,7478,0.468307034,0.531692966,37017.37745,43.85802066,4425,0.578506994,0.047457184,0.034252844,0.022225127,0.04261995,0.048503072,0.064975814,0.075434697,0.092822591,0.079095307,0.070989672,0.070597464,0.076088378,0.080141195,0.081579291,0.049287489,0.028500458,0.01686495,0.011504772,0.006144594,0.000784416,0.000130736,0.008899912,0.101984243,0.499416399,0.243945142,0.069010797,0.071928801,0.001896703,0.002918004,712,0.091203468,450445974.8,770.3333333,1
清心福全松江店,,0.1,1,3,0,0,0,5,13,1,12,16,30,42,6509,0.468274697,0.531725303,33424.1868,43.52839356,3546,0.538414819,0.04388096,0.04494382,0.047525053,0.042514425,0.05208017,0.05481324,0.062253265,0.08168843,0.078044336,0.069389614,0.068782265,0.071363498,0.079410872,0.070300638,0.049802612,0.036289098,0.023382933,0.015031886,0.006529001,0.001366535,0.000607349,0.014240506,0.114803094,0.517932489,0.234001406,0.061005626,0.054500703,0.001054852,0.002461322,767,0.091203468,450445974.8,871.3333333,1
清心福全光華店,,0.5,1,3,1,3,2,7,8,1,10,22,36,54,5455,0.461594867,0.538405133,21605.82292,45.16032659,3029,0.562070885,0.045277417,0.034885879,0.026906662,0.035071442,0.047133049,0.056967898,0.06643162,0.092596029,0.075524216,0.067359436,0.076266469,0.079792169,0.087029133,0.074781963,0.048617554,0.034329189,0.021896456,0.018370755,0.008535906,0.002226758,0,0.017456359,0.1400665,0.531379884,0.215502909,0.051122195,0.042186201,0.000831255,0.001454697,748,0.091203468,450445974.8,585.3333333,1
清心福全民生東店,,0.4,1,6,0,4,0,11,13,3,17,23,37,46,6757,0.425484683,0.574515317,40943.61427,44.57203328,4221,0.616114436,0.050065684,0.030652459,0.016202014,0.024667932,0.037220844,0.059261422,0.080426215,0.104072398,0.090497738,0.075171508,0.087870384,0.081593928,0.08845424,0.069624872,0.041745731,0.026565465,0.018829368,0.010217486,0.005984528,0.000875785,0,0.012607079,0.11233231,0.483433005,0.249717149,0.069177307,0.069177307,0.000969775,0.002586068,660,0.091203468,450445974.8,667.6666667,1
清心福全北安店,,0.4,1,2,0,2,0,3,3,0,5,4,10,20,9319,0.473226741,0.526773259,14033.70058,41.78902426,5078,0.528793086,0.047901697,0.050921587,0.065292096,0.046339686,0.048422368,0.055086952,0.059356451,0.08809747,0.080703947,0.067895449,0.063730084,0.065500364,0.068520254,0.071331875,0.049671978,0.031344372,0.018952411,0.012391961,0.006352182,0.001562012,0.000624805,0.017565716,0.156098169,0.539554005,0.190980441,0.044599477,0.047963124,0.000747477,0.002491591,770,0.091203468,450445974.8,591.3333333,1
清心福全大直店,,0.1,1,1,0,1,2,3,3,0,5,5,10,20,9685,0.461641714,0.538358286,36921.08475,40.72686734,5521,0.559541907,0.055640012,0.066078849,0.040640519,0.050673964,0.062734367,0.057666971,0.056653491,0.069524678,0.07530151,0.074186683,0.078645992,0.084828215,0.070639505,0.060403365,0.037093341,0.027262592,0.015404885,0.010844228,0.004662005,0.000912131,0.000202696,0.022383545,0.162129462,0.543738657,0.178947368,0.05214761,0.038475499,0.000483969,0.00169389,984,0.091203468,450445974.8,316,1
清心福全文山政大店,,1.5,0,0,0,0,1,7,10,0,3,4,5,5,8733,0.481850452,0.518149548,2930.995705,40.63959678,5099,0.577528599,0.039868615,0.056518292,0.05901008,0.054026504,0.064673236,0.061728395,0.058330502,0.070562918,0.074753653,0.083474912,0.084720806,0.079284177,0.071808812,0.049269453,0.031034092,0.022992411,0.017555782,0.013365047,0.004757051,0.00181221,0.000453052,0.039426043,0.15582674,0.479683519,0.20611506,0.052568057,0.059139064,0.000938715,0.006302803,816,0.096850182,1276190798,369.3333333,1
清心福全世新店,,1.4,0,0,0,1,0,5,6,0,1,2,3,7,9199,0.480813132,0.519186868,14619.99182,41.46016469,5521,0.590418137,0.05165223,0.048123195,0.039247139,0.050262004,0.064805903,0.059672762,0.058603358,0.077317934,0.082985777,0.08373436,0.080312266,0.082985777,0.065126724,0.050475885,0.040102663,0.027697572,0.01978398,0.00973158,0.005774783,0.001069404,0.000534702,0.023226928,0.139858403,0.494969569,0.225810458,0.048813812,0.060240964,0.002359955,0.004719911,823,0.096850182,1276190798,254.6666667,1
清心福全萬隆店,,0.1,1,1,0,0,0,1,7,0,4,4,8,18,5327,0.481133846,0.518866154,15906.21772,44.91651206,3020,0.560296846,0.046753247,0.03135436,0.024489796,0.041372913,0.052133581,0.062523191,0.072727273,0.085899814,0.070500928,0.069573284,0.072912801,0.074025974,0.080705009,0.077179963,0.048794063,0.032653061,0.026530612,0.015027829,0.011317254,0.003153989,0.000371058,0.025842464,0.145544759,0.516435807,0.197022948,0.051478189,0.059541038,0.001447178,0.002687616,719,0.096850182,1276190798,536.3333333,1
清心福全景文店,,0.4,1,2,1,1,3,5,7,1,1,2,4,9,8283,0.467825667,0.532174333,47580.60477,38.92446532,4519,0.558659909,0.052293238,0.063666708,0.082086785,0.048708122,0.050438868,0.054765731,0.054642107,0.085795525,0.093460255,0.08196316,0.073556682,0.064037582,0.056990975,0.050933366,0.030040796,0.022005192,0.017801953,0.010878971,0.004326864,0.001236247,0.000370874,0.013873902,0.116386619,0.49776476,0.240480962,0.059966086,0.067982118,0.000770772,0.00277478,793,0.096850182,1276190798,569.3333333,1
清心福全辛亥店,,0.5,1,2,0,0,2,6,7,0,1,1,5,8,3457,0.459357825,0.540642175,9531.773098,41.93168605,2081,0.604941861,0.048837209,0.034593023,0.034302326,0.055232558,0.062209302,0.059883721,0.069186047,0.086337209,0.077034884,0.088953488,0.086918605,0.074418605,0.062790698,0.060174419,0.0375,0.027906977,0.016569767,0.011046512,0.003488372,0.002325581,0.000290698,0.0184514,0.121252059,0.480395387,0.245140033,0.057331137,0.068863262,0.003294893,0.005271829,755,0.096850182,1276190798,441.3333333,1
清心福全木新店,,2.2,0,0,0,0,0,7,7,0,0,2,4,5,5701,0.482196106,0.517803894,31995.65508,40.54710268,3477,0.589122331,0.051338529,0.05303287,0.043375127,0.051846832,0.063198916,0.063029482,0.07167062,0.080650627,0.072178922,0.070992884,0.08285327,0.084547611,0.068959675,0.054218909,0.033039648,0.021518129,0.016096239,0.010674348,0.005083023,0.001355473,0.000338868,0.014115308,0.12166998,0.469980119,0.242743539,0.076739563,0.068389662,0.001988072,0.004373757,746,0.096850182,1276190798,420,1
清心福全泉州店,,0.5,1,6,0,4,1,10,9,9,15,25,30,39,6307,0.485333756,0.514666244,44695.99276,42.04991201,3556,0.568868981,0.052951528,0.044952808,0.039833627,0.051991681,0.053271477,0.058710606,0.062230043,0.085746281,0.091345385,0.076787714,0.068309071,0.072468405,0.067989122,0.056470965,0.04031355,0.029915214,0.024636058,0.012957927,0.007038874,0.001759718,0.000319949,0.015398887,0.110204082,0.460482375,0.253246753,0.076994434,0.074768089,0.001669759,0.007235622,717,0.062155041,360062293.6,334.3333333,1
清心福全南門店,,0.7,0,3,0,1,1,6,10,6,19,25,30,38,3414,0.4543058,0.5456942,42383.43776,39.47517934,1802,0.517073171,0.047345768,0.068579627,0.096126255,0.047919656,0.04964132,0.046197991,0.047345768,0.07804878,0.103873745,0.072883788,0.056527977,0.062553802,0.055954089,0.061119082,0.036728838,0.028120516,0.018364419,0.014060258,0.007460545,0.000860832,0.000286944,0.020393299,0.153678077,0.516387473,0.214129643,0.054260743,0.039329934,0.000728332,0.001092498,807,0.062155041,360062293.6,419,1
清心福全中華店,,1.3,0,2,0,0,0,4,8,3,17,20,31,32,6236,0.471295702,0.528704298,61833.22489,46.06333853,3844,0.599687988,0.034633385,0.016224649,0.024804992,0.041029641,0.053822153,0.060530421,0.069422777,0.083463339,0.078315133,0.078471139,0.080655226,0.0950078,0.086895476,0.06349454,0.043213729,0.034321373,0.027145086,0.019188768,0.005928237,0.002808112,0.000624025,0.003037975,0.052489451,0.347004219,0.307679325,0.164725738,0.105316456,0.003881857,0.015864979,545,0.062155041,360062293.6,665.3333333,1
清心福全新南昌店,,0.2,1,2,0,0,0,5,7,1,11,18,29,38,5939,0.464219566,0.535780434,50210.19128,45.78043912,3312,0.550898204,0.046407186,0.032767798,0.023952096,0.035595476,0.041417166,0.054723886,0.068363273,0.091317365,0.080172987,0.073852295,0.070525615,0.070525615,0.082168995,0.083499667,0.04823686,0.038423154,0.03160346,0.016799734,0.006819694,0.00249501,0.000332668,0.021698813,0.15560089,0.533568249,0.181565282,0.048034125,0.056194362,0.00074184,0.002596439,777,0.062155041,360062293.6,858,1
清心福全開封店,,0.7,0,4,1,14,0,2,11,8,23,27,37,42,3931,0.475197151,0.524802849,13204.0634,41.50559227,2158,0.548551093,0.040925267,0.051347229,0.066598882,0.050584647,0.053126589,0.055414337,0.057193696,0.079054398,0.090238943,0.073462125,0.072953737,0.06710727,0.070411795,0.061514997,0.040671073,0.028978139,0.019064565,0.01270971,0.006354855,0.002033554,0.000254194,0.018434572,0.132970686,0.516772439,0.233907525,0.053792687,0.040797824,0.001511031,0.001813237,733,0.062155041,360062293.6,616.6666667,1
清心福全信陽店,,0.5,1,4,3,8,0,5,9,6,21,31,38,45,3488,0.482798165,0.517201835,5667.284767,40.01035971,1877,0.540143885,0.05352518,0.061294964,0.069928058,0.05323741,0.049496403,0.046330935,0.056978417,0.084028777,0.09323741,0.075395683,0.071942446,0.062733813,0.058129496,0.06647482,0.034244604,0.025035971,0.019856115,0.011223022,0.005755396,0.001151079,0,0.022943876,0.140840099,0.533003883,0.218496294,0.049064596,0.032474409,0.000705965,0.002470879,795,0.062155041,360062293.6,736,1
清心福全青島東店,,0.7,0,1,0,2,2,7,9,2,14,28,42,50,5738,0.504531196,0.495468804,19755.87497,46.20238507,3002,0.518838576,0.04096094,0.037158659,0.038714138,0.044936053,0.047355686,0.038714138,0.054441756,0.069132389,0.075699965,0.075527134,0.077773937,0.080193571,0.088316626,0.083823021,0.048219841,0.029899758,0.023677843,0.022813688,0.016591773,0.005184929,0.000864155,0.022896282,0.125244618,0.489432485,0.232289628,0.064774951,0.057534247,0.002348337,0.005479452,849,0.062155041,360062293.6,502,1
清心福全杭州南店,,0.7,0,1,0,2,2,7,9,2,14,28,42,50,12032,0.481964761,0.518035239,50027.55451,38.68065446,6391,0.541793828,0.036961682,0.072397423,0.097575449,0.059681248,0.053238386,0.045015259,0.046625975,0.070532384,0.098762292,0.090708715,0.074771109,0.062139708,0.054425229,0.049677857,0.033316378,0.019752458,0.016785351,0.010342489,0.004662597,0.00245846,0.000169549,0.029182255,0.186424372,0.532228755,0.180117584,0.034633886,0.035275254,0.000855158,0.001282737,997,0.062155041,360062293.6,502,1
清心福全碧湖店,,0.2,1,1,1,1,0,8,8,0,4,4,5,8,6302,0.457632498,0.542367502,39718.80548,43.67250717,3912,0.623128385,0.03934374,0.025963683,0.02389296,0.042051609,0.06498885,0.076138898,0.073431029,0.081236062,0.073271743,0.068015291,0.089041096,0.097005416,0.085218222,0.065785282,0.034724435,0.021503664,0.01592864,0.013061485,0.006052883,0.002707869,0.000637146,0.012067156,0.132039175,0.510668066,0.227177335,0.054564533,0.058237146,0.002098636,0.003147954,734,0.106293179,1025555594,405.3333333,1
清心福全新明店,,1.3,0,0,0,2,0,0,0,0,3,4,10,17,9048,0.480548187,0.519451813,19036.20235,40.21017823,5425,0.608115682,0.072861787,0.052236296,0.028247954,0.037551844,0.045062213,0.061652281,0.06938684,0.101446026,0.103015357,0.083510817,0.076000448,0.068041699,0.060979711,0.058177334,0.034525277,0.018607779,0.016141688,0.008407129,0.003250757,0.00089676,0,0.008208659,0.115848007,0.48020654,0.23196081,0.07268635,0.084734543,0.001985966,0.004369125,780,0.106293179,1025555594,399.3333333,1
清心福全港墘店,,0.5,1,2,0,0,3,8,11,1,1,4,6,9,9791,0.481462568,0.518537432,26794.84203,40.90001011,5740,0.580325549,0.048326762,0.044585987,0.055302801,0.043878273,0.057122637,0.065109696,0.073905571,0.089374179,0.079870589,0.069760388,0.069153776,0.076028713,0.077343039,0.064907492,0.032757052,0.020018198,0.015468608,0.010716813,0.005459509,0.000707714,0.000202204,0.011275964,0.113234421,0.503145401,0.234777448,0.064451039,0.067537092,0.001305638,0.004272997,754,0.106293179,1025555594,399.6666667,1
清心福全東湖店,,0.7,0,2,0,1,0,3,4,0,0,1,1,4,11642,0.475176087,0.524823913,37257.86586,36.03169371,6897,0.582910751,0.061528059,0.079783638,0.069050034,0.056541582,0.056457066,0.056372549,0.069810683,0.099983097,0.102772143,0.075980392,0.062964841,0.05856998,0.057724814,0.038370521,0.020368492,0.014959432,0.010649087,0.005240027,0.002281947,0.000591616,0,0.005137536,0.08658889,0.469763459,0.279674623,0.078454458,0.075671626,0.001284384,0.003425024,722,0.106293179,1025555594,610,1
清心福全西湖店,,1,0,1,0,2,1,4,5,0,3,3,4,12,7095,0.485412262,0.514587738,15884.19559,43.18410214,4349,0.597062054,0.052169138,0.031987919,0.018259198,0.036518396,0.053679297,0.069055464,0.07660626,0.115595826,0.07907743,0.059719934,0.064799561,0.078528281,0.090334981,0.080175728,0.038852279,0.02210324,0.01523888,0.011669412,0.004393191,0.001235585,0,0.01009483,0.109207709,0.491740593,0.236616702,0.066992964,0.079687978,0.001223616,0.004435607,679,0.106293179,1025555594,1332.666667,1
清心福全致遠店,,0.5,1,2,0,0,1,2,2,0,0,5,10,11,5855,0.479248506,0.520751494,12742.79119,39.45440729,3306,0.558257346,0.04964539,0.064167511,0.07125971,0.048463357,0.041708882,0.058257345,0.063323202,0.0938872,0.100472813,0.077169875,0.056399865,0.067038163,0.055555556,0.063492063,0.035292131,0.025498143,0.014690983,0.00726106,0.005572442,0.000675447,0.000168862,0.010360547,0.100704517,0.47803564,0.257563199,0.071902196,0.07708247,0.001243266,0.003108164,705,0.089723852,1095531712,505.3333333,1
清心福全知行店,,0.5,1,1,0,0,1,1,1,3,3,3,3,3,11608,0.48699173,0.51300827,7041.173169,42.73783373,6729,0.56851977,0.049340994,0.045116593,0.032020953,0.045116593,0.04950997,0.059817506,0.071645826,0.099864819,0.081953363,0.06936465,0.063281514,0.073082122,0.078911795,0.06978709,0.037428185,0.028979385,0.022135857,0.013771544,0.006421088,0.001943224,0.000506928,0.007640971,0.080278557,0.429441919,0.259406132,0.100493278,0.112680143,0.002708192,0.007350808,674,0.089723852,1095531712,505.3333333,1
清心福全光明店,,0.6,0,2,0,0,4,9,10,4,5,5,5,6,6324,0.466951297,0.533048703,32079.12487,42.59146625,3887,0.603103181,0.045306439,0.036307215,0.034600465,0.047478666,0.059270753,0.06454616,0.069200931,0.086733902,0.078200155,0.076803724,0.082544608,0.085802948,0.068580295,0.062994569,0.036617533,0.025911559,0.020325834,0.010240497,0.006982157,0.001241272,0.000310318,0.009831461,0.087780899,0.473314607,0.265800562,0.079002809,0.078125,0.001580056,0.004564607,647,0.089723852,1095531712,581,1
清心福全石牌店,,1,0,1,0,0,1,4,5,0,0,1,10,11,5254,0.468024362,0.531975638,43366.14838,39.52934537,2913,0.547968397,0.045146727,0.070541761,0.074115877,0.046463506,0.053987961,0.052859293,0.059255079,0.082957111,0.09800602,0.070917983,0.069413093,0.060571859,0.061512415,0.060195636,0.037998495,0.025583145,0.011662904,0.009217457,0.006395786,0.002633559,0.000564334,0.019735315,0.118876248,0.509635477,0.218713722,0.056419782,0.070814952,0.001857441,0.003947063,779,0.089723852,1095531712,825,1
清心福全中和店,,0.7,0,1,0,0,1,10,10,2,5,5,5,5,4185,0.480764636,0.519235364,41205.92579,43.31793103,2594,0.596321839,0.045977011,0.039310345,0.024597701,0.04091954,0.048505747,0.070344828,0.072643678,0.094252874,0.085057471,0.073793103,0.073333333,0.078390805,0.069425287,0.066436782,0.044597701,0.031724138,0.02183908,0.011954023,0.004827586,0.00183908,0.000229885,0.008522727,0.072055785,0.439566116,0.266012397,0.092200413,0.112345041,0.001033058,0.008264463,635,0.089723852,1095531712,548,1
清心福全中央北店,,0.6,0,2,0,0,0,1,2,0,3,3,3,7,7581,0.485951721,0.514048279,2792.850838,40.83493405,4695,0.601229351,0.050582661,0.043411448,0.043923678,0.046612883,0.057753874,0.065565373,0.072992701,0.097323601,0.082340889,0.079395569,0.071712127,0.074145217,0.069022922,0.058138046,0.030221539,0.02484313,0.015622999,0.01024459,0.00537841,0.000640287,0.000128057,0.009506833,0.085561497,0.434640523,0.262774807,0.094622698,0.102198455,0.002525253,0.008169935,680,0.089723852,1095531712,505.3333333,1
清心福全復興崗店,,0.5,1,1,0,0,0,2,6,0,2,4,6,8,5436,0.495768948,0.504231052,5026.580309,43.72563177,3357,0.605956679,0.040794224,0.028158845,0.028519856,0.047472924,0.058483755,0.062635379,0.064259928,0.087184116,0.087364621,0.08267148,0.086281588,0.077075812,0.07599278,0.066064982,0.037725632,0.027256318,0.017509025,0.013537906,0.009025271,0.001805054,0.000180505,0.0076,0.088,0.4312,0.2642,0.0986,0.1,0.002,0.0084,655,0.089723852,1095531712,448,1
清心福全饒河店,,0.2,1,2,2,2,0,1,3,1,4,7,11,14,8075,0.492012384,0.507987616,25540.33261,44.97455127,4907,0.603270224,0.040447504,0.034177526,0.01979346,0.035406934,0.049422179,0.059380379,0.071059749,0.089992624,0.084583231,0.077944431,0.08446029,0.086427342,0.080649127,0.068969757,0.040078682,0.029997541,0.0199164,0.010572904,0.007130563,0.005409393,0.004179985,0.005973391,0.08946511,0.466196036,0.270567472,0.083084442,0.078875916,0.002172142,0.00366549,662,0.08152381,858932317.5,934,1
清心福全新東店,,2,0,0,0,0,1,3,4,0,7,10,14,19,4670,0.430192719,0.569807281,80753.4797,44.22923729,2631,0.557415254,0.041949153,0.048305085,0.037076271,0.040466102,0.052542373,0.05,0.05,0.078177966,0.08940678,0.081355932,0.08220339,0.073728814,0.068644068,0.06779661,0.051483051,0.0375,0.025211864,0.012923729,0.007627119,0.003389831,0.000211864,0.015052197,0.150764749,0.559359068,0.193250789,0.04345715,0.035931051,0.000971109,0.001213887,823,0.08152381,858932317.5,563.3333333,1
清心福全東興店,,1.3,0,0,0,0,0,7,7,1,11,13,14,20,7938,0.461073318,0.538926682,51659.36936,43.73120277,4595,0.569181221,0.044345349,0.036293819,0.033940295,0.040629258,0.055122012,0.063421281,0.073330856,0.084726867,0.078161774,0.068499938,0.066889632,0.079028862,0.082249474,0.074074074,0.045336306,0.03183451,0.019571411,0.013997275,0.007432181,0.000990958,0.00012387,0.014269726,0.125769446,0.530637941,0.222160045,0.052602126,0.050643537,0.000699496,0.003217683,722,0.08152381,858932317.5,465.6666667,1
清心福全延吉店,,0.9,0,3,0,3,0,3,7,2,10,15,21,32,4152,0.471579961,0.528420039,66381.1756,41.26146572,2223,0.525531915,0.05106383,0.0643026,0.065248227,0.044917258,0.05035461,0.050591017,0.05177305,0.079432624,0.080614657,0.083687943,0.061702128,0.067375887,0.064775414,0.061702128,0.044208038,0.032387707,0.025531915,0.013475177,0.005200946,0.00141844,0.000236407,0.013848817,0.135314484,0.551067513,0.21321408,0.040392383,0.04356607,0.001731102,0.000865551,783,0.08152381,858932317.5,600,1
清心福全福德店,,0.9,0,1,0,0,1,4,5,0,3,8,10,12,7818,0.486953185,0.513046815,9243.674563,42.97433022,4748,0.59165109,0.047975078,0.036884735,0.026417445,0.040249221,0.053956386,0.070778816,0.081619938,0.093707165,0.083862928,0.060062305,0.070155763,0.077507788,0.074766355,0.073271028,0.043115265,0.028411215,0.017694704,0.012087227,0.005856698,0.001370717,0.000249221,0.00897364,0.08931576,0.482333146,0.242148065,0.080061694,0.087352776,0.003084689,0.00673023,663,0.087254353,704280209.3,616,1
清心福全忠孝東店,,0.4,1,3,0,2,1,5,7,1,5,10,12,14,4937,0.480251165,0.519748835,35679.04807,44.22986443,2892,0.576555024,0.046251994,0.033692185,0.028508772,0.03807815,0.051236045,0.05960925,0.074362041,0.098285486,0.083931419,0.069178628,0.067783094,0.072169059,0.076555024,0.071969697,0.03708134,0.039274322,0.025119617,0.01754386,0.007575758,0.001395534,0.000398724,0.010062612,0.103309481,0.478085868,0.232334526,0.07647585,0.091681574,0.002012522,0.006037567,675,0.087254353,704280209.3,751,1
清心福全新松山店,,0.6,0,1,0,0,1,6,6,0,7,10,11,15,7828,0.476494635,0.523505365,86635.09842,41.20346212,4299,0.539262419,0.05469142,0.059207225,0.052182639,0.053938786,0.054816859,0.046537883,0.056447566,0.076141495,0.086552935,0.077019568,0.074510788,0.067235324,0.068866031,0.058705469,0.042398394,0.030105369,0.018564977,0.012167587,0.007275464,0.00263422,0,0.012334537,0.141395909,0.536251504,0.20412154,0.054602888,0.047984356,0.000902527,0.002406739,801,0.087254353,704280209.3,929.6666667,1
清心福全松仁店,,0.7,0,2,0,5,2,3,4,0,5,7,14,21,8882,0.478495834,0.521504166,30061.10272,44.78440316,5077,0.564801424,0.04116142,0.036266548,0.031705418,0.04038269,0.05295361,0.061074647,0.068750695,0.074869285,0.07542552,0.07620425,0.079652909,0.075870508,0.076093003,0.069529425,0.052397375,0.035599066,0.023695628,0.016464568,0.008232284,0.002781177,0.000889977,0.014360639,0.126623377,0.513236763,0.216533467,0.057192807,0.065934066,0.002372627,0.003746254,723,0.087254353,704280209.3,609.6666667,1
清心福全世貿店,,0.5,1,2,0,6,0,5,8,2,6,10,18,22,3899,0.482174917,0.517825083,22000.75169,44.94100075,2300,0.572566592,0.042569081,0.033856112,0.027134678,0.044560617,0.050784167,0.056260891,0.066467513,0.075678367,0.086880757,0.071197411,0.084142395,0.081155091,0.071446353,0.068956933,0.047547921,0.035598706,0.026636794,0.01742594,0.008464028,0.002987304,0.000248942,0.011385726,0.103304638,0.477922799,0.242988059,0.077478478,0.078866981,0.002777006,0.005276312,696,0.087254353,704280209.3,1463.666667,1
清心福全永吉店,,0.7,0,2,0,11,0,6,8,0,10,12,14,17,5210,0.461612284,0.538387716,47233.80403,43.54012933,3096,0.588817041,0.048497528,0.039748954,0.03157094,0.035184481,0.048497528,0.055154051,0.068276911,0.095283378,0.095283378,0.074362876,0.080258653,0.071700266,0.06675542,0.065804488,0.049448459,0.030620008,0.023773298,0.012171928,0.005135032,0.001901864,0.000570559,0.017502161,0.151469317,0.531331029,0.194900605,0.052290406,0.049049265,0.001296456,0.002160761,753,0.087254353,704280209.3,575,1
清心福全五分埔店,,0.4,1,3,2,2,1,3,6,3,7,10,13,14,5492,0.489439184,0.510560816,35502.27464,44.35632184,3249,0.583512931,0.045797414,0.02891523,0.023706897,0.03753592,0.054956897,0.067349138,0.08045977,0.093211207,0.074892241,0.062859195,0.072377874,0.077406609,0.08045977,0.075610632,0.045079023,0.034303161,0.022988506,0.014727011,0.006106322,0.001077586,0.000179598,0.008366534,0.099003984,0.482071713,0.246015936,0.079681275,0.078884462,0.002788845,0.003187251,685,0.087254353,704280209.3,462,1
清心福全南港店,,0.5,1,5,2,9,2,5,9,4,18,28,40,44,4809,0.479725515,0.520274485,10239.58661,41.19955384,2957,0.599675522,0.048874468,0.046846481,0.037112148,0.047657676,0.056378017,0.059419996,0.068545934,0.106266477,0.096126546,0.074427094,0.067126344,0.071385115,0.064489961,0.054552829,0.034678564,0.031028189,0.020077063,0.010951126,0.003650375,0.000202799,0.000202799,0.005846586,0.073199252,0.432179607,0.272684752,0.086295603,0.121375117,0.002572498,0.005846586,634,0.041726568,681187333.8,1317.333333,1
清心福全經貿店,,0.5,1,3,0,3,0,3,3,0,0,0,4,4,6764,0.512566529,0.487433471,15734.43838,41.79935275,4019,0.591203295,0.050456016,0.044571933,0.038246543,0.047661077,0.05913504,0.053103854,0.068843778,0.084142395,0.089732274,0.076934392,0.080611945,0.078699618,0.070167696,0.058987938,0.034863195,0.028096499,0.021182701,0.008531921,0.004265961,0.001471021,0.000294204,0.008995248,0.083333333,0.456551256,0.27359131,0.08197556,0.088424983,0.001866938,0.005261371,669,0.041726568,681187333.8,397,1
清心福全峨眉店,,0.3,1,2,5,9,0,6,7,5,22,23,33,39,3258,0.481276857,0.518723143,19739.80651,47.29997003,1863,0.558285886,0.039556488,0.029068025,0.02517231,0.027869344,0.035061432,0.044051543,0.056937369,0.077314954,0.086904405,0.084507042,0.09109979,0.08240935,0.089002098,0.087204076,0.055738687,0.040455499,0.025771651,0.011687144,0.00839077,0.001798022,0,0.009920635,0.083002646,0.422619048,0.283730159,0.118716931,0.075066138,0.003306878,0.003637566,676,0.068733215,1220539682,4586.333333,1
清心福全寶興店,,1.3,0,0,0,0,1,2,2,0,8,12,19,29,5546,0.483231158,0.516768842,38686.23318,43.58845405,3381,0.598724987,0.050292191,0.037542058,0.022843988,0.035771206,0.05471932,0.063927749,0.072782008,0.102178148,0.078979989,0.072604923,0.07419869,0.07933416,0.069063219,0.059323535,0.041615017,0.033823269,0.027625288,0.015937666,0.006020896,0.001239596,0.000177085,0.004978096,0.056152927,0.397849462,0.295101553,0.109916368,0.124850657,0.004978096,0.00617284,599,0.068733215,1220539682,283.3333333,1
清心福全龍山店,,0.2,1,1,0,0,0,5,6,5,15,20,26,33,5816,0.485729023,0.514270977,17794.60689,45.99760479,3398,0.581351583,0.037810094,0.023952096,0.027887083,0.033361848,0.046364414,0.057998289,0.066723695,0.086569718,0.081437126,0.071856287,0.084345595,0.086056459,0.086569718,0.075449102,0.049101796,0.037639008,0.02566296,0.014371257,0.005303678,0.001368691,0.000171086,0.005450103,0.05600451,0.363841383,0.28810374,0.136252584,0.135312911,0.003382823,0.011651945,586,0.068733215,1220539682,562.6666667,1
清心福全康定店,,0.2,1,1,0,1,0,6,8,6,16,22,27,36,4878,0.488724887,0.511275113,43024.49055,46.1895963,2752,0.55272143,0.039767021,0.031532436,0.02269532,0.034946776,0.04820245,0.058043784,0.070496084,0.084755975,0.082948383,0.064269934,0.065876682,0.078128138,0.082345853,0.088772846,0.048604137,0.043382205,0.028720627,0.016469171,0.007431211,0.002410123,0.000200844,0.008202172,0.071381068,0.38816227,0.273996896,0.121702505,0.128574595,0.001995123,0.005985369,594,0.068733215,1220539682,499.6666667,1
清心福全昆明店,,0.4,1,2,8,8,3,6,6,7,22,24,33,39,3748,0.459711846,0.540288154,26275.98299,45.01412873,2210,0.578231293,0.053113553,0.034013605,0.021978022,0.031135531,0.041862899,0.044740973,0.064364207,0.094976452,0.095761381,0.086080586,0.078231293,0.072213501,0.082679226,0.073783359,0.049188906,0.027472527,0.019623234,0.01674516,0.008634223,0.002354788,0.001046572,0.020851689,0.092217327,0.45256975,0.263436123,0.091923642,0.074008811,0.000587372,0.004405286,701,0.068733215,1220539682,2511.333333,1
清心福全成都店,,0.2,1,3,8,8,3,6,7,7,22,24,32,40,3748,0.459711846,0.540288154,26275.98299,45.01412873,2210,0.578231293,0.053113553,0.034013605,0.021978022,0.031135531,0.041862899,0.044740973,0.064364207,0.094976452,0.095761381,0.086080586,0.078231293,0.072213501,0.082679226,0.073783359,0.049188906,0.027472527,0.019623234,0.01674516,0.008634223,0.002354788,0.001046572,0.020851689,0.092217327,0.45256975,0.263436123,0.091923642,0.074008811,0.000587372,0.004405286,701,0.068733215,1220539682,1125.666667,1
麻古茶坊松江南京店,,0.3,1,2,0,2,0,5,6,0,11,18,31,53,4620,0.454761905,0.545238095,16655.36849,43.9877261,2690,0.579242033,0.053832903,0.034237726,0.025624462,0.038975022,0.046296296,0.058570198,0.072782084,0.092807924,0.079672696,0.066322136,0.079888028,0.08290267,0.076873385,0.071490095,0.043066322,0.027993109,0.022394488,0.018087855,0.006244617,0.001722653,0.000215332,0.017249757,0.147230321,0.537900875,0.205539359,0.048833819,0.04154519,0.000485909,0.001214772,801,0.091203468,450445974.8,895.6666667,1
麻古茶坊台北錦州店,,0.4,1,3,0,0,0,4,5,1,7,13,26,42,7532,0.477827934,0.522172066,38544.96292,44.98351433,4205,0.550176632,0.037943216,0.03558812,0.035195604,0.046578569,0.046186053,0.055213921,0.061101662,0.084652623,0.079288238,0.070914562,0.077194819,0.075624755,0.078241528,0.079157399,0.051550438,0.036896507,0.021326704,0.019102447,0.006149418,0.001831741,0.000261677,0.01247798,0.131972989,0.510569583,0.221520846,0.060628303,0.059453905,0.000587199,0.002789196,753,0.091203468,450445974.8,822,1
麻古茶坊台北農安店,,0.6,0,4,0,0,2,10,12,3,15,17,27,46,5068,0.433307024,0.566692976,38310.23299,43.59832969,3004,0.597335454,0.05885862,0.037582024,0.020878902,0.03121893,0.039172798,0.055080533,0.078942136,0.095645258,0.09186717,0.079936369,0.080135216,0.076555975,0.080930603,0.065221714,0.038377411,0.030224697,0.019685822,0.012527341,0.005368861,0.001391927,0.000397693,0.012390178,0.103852219,0.499887362,0.247803559,0.067582789,0.063527822,0.002478036,0.002478036,723,0.091203468,450445974.8,446,1
麻古茶坊台北遼寧店,,0.5,2,4,1,7,0,3,5,0,6,14,32,48,6198,0.461923201,0.538076799,21331.73117,45.23009709,3361,0.543851133,0.041262136,0.043042071,0.027508091,0.037702265,0.053236246,0.059223301,0.059223301,0.082038835,0.068446602,0.065857605,0.072815534,0.083009709,0.086245955,0.082524272,0.048058252,0.034304207,0.027346278,0.018770227,0.007443366,0.001779935,0.000161812,0.016578612,0.141009291,0.526689743,0.203497905,0.061577701,0.048096192,0.00072873,0.001821825,824,0.091203468,450445974.8,1235.333333,1
麻古茶坊台北信陽店,,0.5,1,4,3,9,0,5,12,6,22,28,38,45,3488,0.482798165,0.517201835,5667.284767,40.01035971,1877,0.540143885,0.05352518,0.061294964,0.069928058,0.05323741,0.049496403,0.046330935,0.056978417,0.084028777,0.09323741,0.075395683,0.071942446,0.062733813,0.058129496,0.06647482,0.034244604,0.025035971,0.019856115,0.011223022,0.005755396,0.001151079,0,0.022943876,0.140840099,0.533003883,0.218496294,0.049064596,0.032474409,0.000705965,0.002470879,795,0.062155041,360062293.6,736,1
麻古茶坊台北公館店,,0.3,1,2,0,1,1,5,6,2,7,9,21,36,2588,0.483384853,0.516615147,24761.89254,45.60278746,1397,0.54084398,0.046070461,0.035617499,0.027487418,0.0414247,0.046457607,0.063492063,0.057297716,0.081300813,0.069299264,0.065427797,0.081300813,0.076267906,0.082075106,0.067363531,0.055749129,0.04026326,0.029810298,0.02129307,0.010065815,0.001548587,0.000387147,0.034332899,0.170795306,0.508039983,0.191655802,0.043893959,0.047805302,0.000434594,0.003042156,820,0.062155041,360062293.6,1470,1
麻古茶坊台北古亭店,,0.4,1,3,0,0,1,5,9,1,12,28,32,40,3191,0.471012222,0.528987778,35576.50555,45.95507692,1847,0.568307692,0.050153846,0.028,0.018461538,0.029846154,0.042461538,0.053230769,0.068923077,0.096307692,0.087692308,0.068307692,0.068923077,0.082461538,0.082153846,0.077538462,0.061538462,0.033538462,0.025538462,0.014153846,0.007692308,0.002461538,0.000615385,0.020095368,0.139305177,0.492847411,0.219686649,0.0626703,0.059945504,0.002043597,0.003405995,748,0.062155041,360062293.6,864,1
麻古茶坊松山車站店,,0.2,1,3,1,2,1,2,3,3,5,9,13,15,3964,0.496972755,0.503027245,34489.79021,41.96752768,2455,0.603936039,0.053628536,0.033702337,0.029274293,0.04600246,0.04600246,0.074292743,0.087330873,0.098892989,0.073554736,0.072078721,0.075522755,0.076260763,0.074292743,0.063714637,0.036162362,0.02902829,0.016728167,0.010086101,0.003198032,0.000246002,0,0.004177109,0.064327485,0.417710944,0.261487051,0.123920913,0.110832637,0.006126427,0.011417432,615,0.087254353,704280209.3,812.3333333,1
麻古茶坊信義永吉店,,0.7,0,2,0,9,0,6,8,0,10,12,14,17,5210,0.461612284,0.538387716,47233.80403,43.54012933,3096,0.588817041,0.048497528,0.039748954,0.03157094,0.035184481,0.048497528,0.055154051,0.068276911,0.095283378,0.095283378,0.074362876,0.080258653,0.071700266,0.06675542,0.065804488,0.049448459,0.030620008,0.023773298,0.012171928,0.005135032,0.001901864,0.000570559,0.017502161,0.151469317,0.531331029,0.194900605,0.052290406,0.049049265,0.001296456,0.002160761,753,0.087254353,704280209.3,558.3333333,1
麻古茶坊內湖科學園區店,,0.3,1,2,0,0,2,4,7,0,3,3,4,11,6288,0.473441476,0.526558524,35146.4455,39.41730159,3674,0.583174603,0.059047619,0.060634921,0.046507937,0.043968254,0.053333333,0.060952381,0.073333333,0.101587302,0.092698413,0.067619048,0.060952381,0.072698413,0.072539683,0.061269841,0.02952381,0.018095238,0.012539683,0.007142857,0.004761905,0.000793651,0,0.014087188,0.122786979,0.498762612,0.234151913,0.06320198,0.062059775,0.001332572,0.003616981,790,0.106293179,1025555594,1286.333333,1
麻古茶坊台北東湖店,,0.6,0,2,0,0,0,3,4,0,0,1,1,4,7887,0.481805503,0.518194497,51129.0794,38.97330438,4910,0.627155448,0.053263507,0.039340912,0.04355601,0.056329033,0.065014689,0.07625495,0.085834717,0.095669945,0.08736748,0.062587815,0.074211266,0.080214587,0.075105377,0.049687061,0.023502363,0.011878912,0.011367991,0.00536467,0.003065526,0.00025546,0.00012773,0.004583765,0.083838533,0.486470501,0.271477155,0.077923998,0.070826556,0.001626497,0.003252994,677,0.106293179,1025555594,610,1
麻古茶坊台北石牌店,,0.9,0,2,0,0,1,5,5,0,0,3,10,11,5254,0.468024362,0.531975638,43366.14838,39.52934537,2913,0.547968397,0.045146727,0.070541761,0.074115877,0.046463506,0.053987961,0.052859293,0.059255079,0.082957111,0.09800602,0.070917983,0.069413093,0.060571859,0.061512415,0.060195636,0.037998495,0.025583145,0.011662904,0.009217457,0.006395786,0.002633559,0.000564334,0.019735315,0.118876248,0.509635477,0.218713722,0.056419782,0.070814952,0.001857441,0.003947063,779,0.089723852,1095531712,825,1
麻古茶坊南港軟體園區店,,0.4,1,3,0,3,0,3,4,0,0,0,4,4,8050,0.483602484,0.516397516,7628.698236,38.94547286,4851,0.610880242,0.080846241,0.059438358,0.029215464,0.038030475,0.049993704,0.054149351,0.068757083,0.106913487,0.107543131,0.082105528,0.072534945,0.068883012,0.058430928,0.054527138,0.029341393,0.016874449,0.012089158,0.007429795,0.002644503,0.000251857,0,0.022592873,0.161031084,0.508263836,0.189385898,0.056557998,0.057771039,0.0015163,0.00288097,988,0.041726568,681187333.8,397,1
麻古茶坊大安信義店,,0.7,0,6,0,4,4,15,19,2,6,14,29,44,6831,0.464353682,0.535646318,30915.63676,44.3679747,3716,0.534138278,0.045421877,0.0487279,0.039384792,0.037516171,0.052752623,0.050740262,0.056346126,0.078482104,0.078913325,0.068851516,0.07330746,0.074744861,0.075463562,0.077763404,0.052608883,0.03665373,0.025585741,0.015380193,0.009630588,0.001006181,0.000718701,0.026211015,0.176841407,0.553915063,0.172362309,0.036164565,0.03251493,0.000331785,0.001658925,853,0.125342505,1003156621,1523,1
麻古茶坊台北延吉店,,0.4,2,4,1,0,0,10,9,2,9,16,19,30,6357,0.450526978,0.549473022,52217.28361,45.39870888,3282,0.504457424,0.042422379,0.046572395,0.044881648,0.046726099,0.045803873,0.044113126,0.046879803,0.071318783,0.073778051,0.077313249,0.0719336,0.073316938,0.069320627,0.078850292,0.057331694,0.049339072,0.029203812,0.018598217,0.009990778,0.001998156,0.000307409,0.020053239,0.160425909,0.556699201,0.189529725,0.042058563,0.027684117,0.001597161,0.001952085,872,0.125342505,1003156621,1364,1
麻古茶坊大安復興店,,0.3,1,4,4,7,0,5,10,1,9,16,26,44,7461,0.449537595,0.550462405,38577.14778,45.14372203,3956,0.520663333,0.046064754,0.048960253,0.038299553,0.037509871,0.044353777,0.046327981,0.055804159,0.075941037,0.080021058,0.06870229,0.07199263,0.0775204,0.074756515,0.081073967,0.057646749,0.037641485,0.028691761,0.016714925,0.008423269,0.00329034,0.000263227,0.018071374,0.147760061,0.543356112,0.2,0.049810175,0.038268793,0.001214882,0.001518603,786,0.125342505,1003156621,1200.666667,1
麻古茶坊台北通化店,,0.5,1,1,0,2,5,8,13,1,7,12,21,28,4125,0.471030303,0.528969697,56271.69729,44.15605701,2464,0.585273159,0.041567696,0.031828979,0.035154394,0.044893112,0.05391924,0.062232779,0.065795724,0.079809976,0.082422803,0.075059382,0.080285036,0.085748219,0.071733967,0.060570071,0.040617577,0.036342043,0.025178147,0.016627078,0.008551069,0.001425178,0.00023753,0.013056222,0.091127098,0.458033573,0.264055422,0.07300826,0.091127098,0.001865175,0.007727152,652,0.125342505,1003156621,726,1
麻古茶坊南京三民店,,1.3,0,0,0,0,2,6,6,1,8,13,16,24,6958,0.466944524,0.533055476,36700.28739,46.090513,3864,0.543078004,0.036823612,0.031342235,0.031061138,0.042304989,0.059030218,0.058186929,0.059732959,0.068728039,0.069149684,0.064652143,0.082642305,0.080955727,0.082361209,0.08151792,0.051721715,0.038931834,0.027125791,0.019255095,0.011103303,0.003092059,0.000281096,0.016383211,0.132157903,0.563270401,0.194258075,0.04556093,0.045872991,0.000624122,0.001872367,764,0.08152381,858932317.5,751.3333333,1
麻古茶坊台北市府店,,0.2,1,3,4,14,1,5,6,4,10,12,16,19,5623,0.469322426,0.530677574,22587.24583,45.41893061,3160,0.546807406,0.036684547,0.033569822,0.037722789,0.044990483,0.051739055,0.054853781,0.056238103,0.076656861,0.082540232,0.080290708,0.072330853,0.072157813,0.07060045,0.072676934,0.053988579,0.047066967,0.029243814,0.017823153,0.006575532,0.002076484,0.00017304,0.014936954,0.125897187,0.536954413,0.21028128,0.050824442,0.056450048,0.001745878,0.002909796,745,0.087254353,704280209.3,1938,1
春水堂大直店,,0.5,1,1,2,5,0,1,4,2,5,4,6,12,6984,0.459335624,0.540664376,10766.44113,38.99210489,3933,0.554490343,0.05230509,0.07035105,0.070492034,0.054278866,0.051177217,0.048780488,0.060059213,0.077682222,0.084590441,0.080501903,0.08557733,0.066121528,0.06062315,0.055265755,0.035105033,0.020160722,0.012265614,0.009163964,0.00451149,0.000986888,0,0.019395422,0.163550585,0.550410624,0.178927136,0.044906518,0.041411847,0.000349467,0.001048401,1157,0.091203468,450445974.8,495.3333333,1
春水堂南西店,,0.1,2,4,1,10,2,6,11,2,19,25,39,45,4529,0.475160079,0.524839921,20860.86657,46.20997145,2438,0.535471118,0.042389633,0.032725675,0.029431144,0.033823852,0.0459038,0.054908851,0.06259609,0.092686141,0.069404788,0.061497913,0.06501208,0.083461454,0.095321766,0.080166923,0.056226664,0.03250604,0.02965078,0.022842082,0.00812651,0.001317812,0,0.016188374,0.119941133,0.49546235,0.229335296,0.07162129,0.063527103,0.000735835,0.003188619,685,0.091203468,450445974.8,1628,1
春水堂中正店,,0.5,1,3,3,0,1,8,9,5,21,32,39,47,3989,0.483329155,0.516670845,5299.603846,41.43286867,2125,0.519686965,0.052090976,0.064563463,0.058449499,0.04793348,0.04622157,0.048422597,0.057960382,0.0855955,0.084128149,0.060405967,0.071411103,0.065541697,0.067987283,0.072144779,0.047199804,0.028124236,0.019320127,0.01369528,0.004402054,0.004157496,0.000244559,0.03587311,0.194485621,0.514675363,0.164838423,0.040913134,0.045063741,0.000889416,0.003261192,912,0.062155041,360062293.6,426.3333333,1
春水堂站前店,,0.4,1,5,5,13,0,5,11,7,22,28,38,46,3488,0.482798165,0.517201835,5667.284767,40.01035971,1877,0.540143885,0.05352518,0.061294964,0.069928058,0.05323741,0.049496403,0.046330935,0.056978417,0.084028777,0.09323741,0.075395683,0.071942446,0.062733813,0.058129496,0.06647482,0.034244604,0.025035971,0.019856115,0.011223022,0.005755396,0.001151079,0,0.022943876,0.140840099,0.533003883,0.218496294,0.049064596,0.032474409,0.000705965,0.002470879,795,0.062155041,360062293.6,1133,1
春水堂信義遠百店,,0.7,0,3,10,14,0,4,4,4,10,11,15,19,5785,0.507346586,0.492653414,11277.22318,47.65885596,3063,0.52773949,0.032046864,0.032563749,0.032219159,0.035148174,0.038077188,0.046175052,0.056340455,0.076154376,0.073742247,0.071847002,0.079255686,0.086147484,0.092350103,0.098552722,0.058924879,0.03049621,0.020158511,0.017401792,0.015851137,0.004824259,0.00172295,0.016405952,0.12361694,0.504006105,0.221671118,0.074589851,0.053796261,0.001907669,0.004006105,762,0.087254353,704280209.3,1938,1
春水堂信義店,,0.7,0,3,11,14,0,4,4,4,9,11,15,19,5785,0.507346586,0.492653414,11277.22318,47.65885596,3063,0.52773949,0.032046864,0.032563749,0.032219159,0.035148174,0.038077188,0.046175052,0.056340455,0.076154376,0.073742247,0.071847002,0.079255686,0.086147484,0.092350103,0.098552722,0.058924879,0.03049621,0.020158511,0.017401792,0.015851137,0.004824259,0.00172295,0.016405952,0.12361694,0.504006105,0.221671118,0.074589851,0.053796261,0.001907669,0.004006105,762,0.087254353,704280209.3,1938,1
春水堂松菸店,,0.7,0,2,0,6,0,3,4,4,13,13,16,23,3335,0.472563718,0.527436282,5785.717791,43.73642501,1804,0.529498092,0.04989727,0.04813619,0.039624303,0.04637511,0.051951864,0.050484297,0.053712944,0.076313472,0.08482536,0.068095098,0.072791312,0.071323745,0.073671852,0.074258879,0.054593484,0.034928089,0.024655122,0.011740534,0.010566481,0.002054593,0,0.018039483,0.152144316,0.584070796,0.168141593,0.038461538,0.037100068,0.00136147,0.000680735,809,0.087254353,704280209.3,598.3333333,1
春水堂西湖店,,0.4,1,2,0,2,0,4,4,0,3,3,5,12,7095,0.485412262,0.514587738,15884.19559,43.18410214,4349,0.597062054,0.052169138,0.031987919,0.018259198,0.036518396,0.053679297,0.069055464,0.07660626,0.115595826,0.07907743,0.059719934,0.064799561,0.078528281,0.090334981,0.080175728,0.038852279,0.02210324,0.01523888,0.011669412,0.004393191,0.001235585,0,0.01009483,0.109207709,0.491740593,0.236616702,0.066992964,0.079687978,0.001223616,0.004435607,679,0.106293179,1025555594,1332.666667,1
春水堂南港店,,0.4,1,3,1,1,0,4,4,0,0,0,3,4,8050,0.483602484,0.516397516,7628.698236,38.94547286,4851,0.610880242,0.080846241,0.059438358,0.029215464,0.038030475,0.049993704,0.054149351,0.068757083,0.106913487,0.107543131,0.082105528,0.072534945,0.068883012,0.058430928,0.054527138,0.029341393,0.016874449,0.012089158,0.007429795,0.002644503,0.000251857,0,0.022592873,0.161031084,0.508263836,0.189385898,0.056557998,0.057771039,0.0015163,0.00288097,988,0.041726568,681187333.8,397,1
春水堂天母店,,2.3,0,0,1,3,1,2,2,0,1,1,6,8,6598,0.466505002,0.533494998,32181.84551,41.4319784,3676,0.551372431,0.048147593,0.05159742,0.04919754,0.048297585,0.055647218,0.057447128,0.06719664,0.092545373,0.07379631,0.06779661,0.065246738,0.071696415,0.080245988,0.074696265,0.03899805,0.026698665,0.014699265,0.00839958,0.00659967,0.000899955,0.000149993,0.014628128,0.132358125,0.531899894,0.223827987,0.044413112,0.04987663,0.001233698,0.001762425,760,0.102633099,901552356.4,571.6666667,1
春水堂光南店,,0.8,0,1,0,0,0,3,6,2,7,13,17,32,6451,0.457758487,0.542241513,50095.32077,42.21455822,3586,0.547230276,0.052342439,0.047764383,0.053868457,0.047001373,0.050358614,0.055852281,0.060430337,0.078742561,0.082557607,0.07294369,0.075537922,0.070807264,0.06882344,0.057530902,0.041355105,0.034793224,0.025484511,0.012818556,0.008850908,0.002136426,0,0.012085137,0.145923521,0.542207792,0.210497835,0.042027417,0.043831169,0.000721501,0.002705628,784,0.08152381,858932317.5,648,1
春水堂慶城店,,0.1,2,4,1,3,1,3,7,0,8,0,1,1,10398,0.467782266,0.532217734,29142.23595,38.26997902,5472,0.521838642,0.053404539,0.078390235,0.089357238,0.058363532,0.044249475,0.04215144,0.047873355,0.078008774,0.096795728,0.084016784,0.071810032,0.056933054,0.056170132,0.050352851,0.035952699,0.025367156,0.014686248,0.009727255,0.004958993,0.001049018,0.000381461,0.020693033,0.161993388,0.56826252,0.182686421,0.032080323,0.033059875,0.000489776,0.000734664,986,0.08152381,858932317.5,848.6666667,1
2台北市士林區福林路60號,福林里,0.5,3,3,0,0,5,7,10,0,7,7,12,17,2961,0.485984465,0.514015535,1457.187495,45.19802632,1664,0.547368421,0.046381579,0.036184211,0.033223684,0.038815789,0.051644737,0.063157895,0.060197368,0.073684211,0.069736842,0.06875,0.076644737,0.083552632,0.083552632,0.066118421,0.042763158,0.038157895,0.032894737,0.020723684,0.010526316,0.002631579,0.000657895,0.017113095,0.109747024,0.475818452,0.240327381,0.061383929,0.087425595,0.001488095,0.006696429,722,0.102633099,901552356.4,1292.666667,0
3台北市士林區至善路2段260巷臨75號,臨溪里,2.9,0,0,0,0,0,3,2,1,3,2,5,12,2921,0.484765491,0.515234509,1309.496151,46.40053316,1672,0.557147618,0.038653782,0.029656781,0.028990337,0.036987671,0.050983006,0.063645452,0.067644119,0.06631123,0.064978341,0.07230923,0.080306564,0.090969677,0.078640453,0.073975342,0.050649783,0.037320893,0.034655115,0.019326891,0.009996668,0.002665778,0.001332889,0.016980436,0.11480251,0.479881875,0.236987818,0.073089701,0.068660022,0.005537099,0.004060539,860,0.102633099,901552356.4,465.6666667,0
5台北市大安區新生南路2段30巷3號,福住里,0.5,2,3,0,0,1,8,11,3,10,18,36,45,6858,0.456255468,0.543744532,48346.37185,39.00288559,3529,0.509161737,0.065791372,0.080507863,0.072428221,0.051507719,0.048045015,0.040253932,0.046457943,0.081084981,0.094791516,0.0725725,0.065647093,0.060308758,0.059298802,0.054970423,0.036791228,0.032174289,0.017602078,0.010243832,0.007069687,0.002308469,0.000144279,0.03434903,0.205909511,0.535364728,0.162142198,0.033425669,0.026962142,0.000738689,0.001108033,991,0.125342505,1003156621,674.6666667,0
6台北市文山區秀明路1段129巷81號,木柵里,1.5,0,2,0,0,0,6,8,0,2,2,5,5,9046,0.469710369,0.530289631,16217.94594,43.10315281,5261,0.577941338,0.043062727,0.041634626,0.036032077,0.052839723,0.058991541,0.060749204,0.059760519,0.071185324,0.076787872,0.083269252,0.091178732,0.076018895,0.070196638,0.058002856,0.042733165,0.033395584,0.019334285,0.013841591,0.008788312,0.001867516,0.000329562,0.022738631,0.137181409,0.502123938,0.216891554,0.054097951,0.063593203,0.000874563,0.002498751,842,0.096850182,1276190798,336,0
9台北市信義區松高路92號,安康里,0.8,0,3,4,14,2,3,6,2,10,11,14,18,10928,0.469893851,0.530106149,21776.85907,40.41947192,5852,0.530986299,0.061155975,0.06741675,0.053987841,0.048906633,0.046910444,0.050812086,0.05752654,0.082025225,0.084565829,0.074947827,0.070320298,0.063878051,0.065057617,0.067598222,0.043281009,0.028218855,0.016332456,0.010434625,0.004809001,0.00154251,0.000272208,0.022977023,0.165501166,0.545010545,0.187257187,0.043845044,0.032079032,0.001554002,0.001776002,998,0.087254353,704280209.3,406,0
11台北市文山區福興路82巷7弄1號,興旺里,1.2,0,1,0,0,0,2,6,0,0,1,4,7,8407,0.477816106,0.522183894,18373.49774,41.15657036,5369,0.625465983,0.053937558,0.046248835,0.030172414,0.042520969,0.055102516,0.05778192,0.06640261,0.100768872,0.097623486,0.083527493,0.090051258,0.074207829,0.064771668,0.05638397,0.03028891,0.02306617,0.011999068,0.007805219,0.00582479,0.001281454,0.000232992,0.011788346,0.120696584,0.506630944,0.244206296,0.055726725,0.055592766,0.002143336,0.003215003,749,0.096850182,1276190798,307.6666667,0
12台北市文山區萬芳路60-2號,萬美里,0.2,1,2,0,0,0,1,2,0,2,2,4,5,7406,0.478665947,0.521334053,10156.90291,43.33559638,4357,0.580005325,0.039403621,0.037273695,0.032348243,0.05085197,0.065894569,0.061235357,0.067092652,0.070553781,0.072683706,0.072284345,0.085197018,0.085063898,0.08586262,0.072550586,0.038205538,0.027822151,0.016506922,0.011048988,0.006522897,0.001464324,0.00013312,0.01807859,0.124757209,0.490811295,0.24742268,0.06170626,0.051845211,0.001643508,0.003735246,739,0.096850182,1276190798,445.3333333,0
13台北市文山區木柵路5段177號,博嘉里,3.4,0,0,0,0,0,0,0,0,0,0,2,2,6080,0.479276316,0.520723684,1445.820414,41.68338507,3598,0.587812449,0.056036595,0.047051135,0.032347656,0.044273811,0.057833687,0.065185427,0.072047051,0.082012743,0.082666231,0.075477863,0.076621467,0.075967979,0.073517399,0.056690083,0.036595328,0.026466264,0.01797092,0.012579644,0.007024996,0.000980232,0.000653488,0.016250945,0.122260015,0.476190476,0.232237339,0.073318216,0.071050642,0.00170068,0.006991686,771,0.096850182,1276190798,456.6666667,0
17台北市南港區成福路121巷10號,成福里,1,0,2,0,0,0,3,5,0,3,3,10,11,7654,0.479357199,0.520642801,15235.8954,42.09836274,4619,0.586241909,0.055463891,0.036425942,0.033379871,0.045564158,0.051275543,0.055717731,0.074374921,0.107247113,0.089986039,0.072090367,0.066505902,0.069044295,0.077040234,0.063967509,0.041248889,0.026399289,0.015611118,0.010534332,0.006219063,0.001776875,0.00012692,0.007835171,0.099535694,0.469094602,0.253482298,0.071822403,0.091410331,0.001741149,0.005078352,680,0.041726568,681187333.8,628,0
19台北市文山區萬安街46-5號,萬芳里,0.4,1,3,0,0,0,1,1,0,2,2,4,5,7958,0.472354863,0.527645137,23673.96355,41.95163479,4802,0.592473782,0.049599013,0.039111659,0.033806292,0.048735349,0.062307218,0.066872301,0.063294263,0.091425046,0.078716841,0.074275139,0.073781616,0.081801357,0.082541641,0.065885256,0.031091919,0.024552745,0.013571869,0.010857495,0.005552128,0.001727329,0.000493523,0.017857143,0.127812148,0.499859393,0.237064117,0.056805399,0.054415073,0.001546682,0.004640045,742,0.096850182,1276190798,445.3333333,0
21台北市文山區木柵路5段137號,博嘉里,2.4,0,0,0,0,0,0,0,0,1,2,2,2,6080,0.479276316,0.520723684,1445.820414,41.68338507,3598,0.587812449,0.056036595,0.047051135,0.032347656,0.044273811,0.057833687,0.065185427,0.072047051,0.082012743,0.082666231,0.075477863,0.076621467,0.075967979,0.073517399,0.056690083,0.036595328,0.026466264,0.01797092,0.012579644,0.007024996,0.000980232,0.000653488,0.016250945,0.122260015,0.476190476,0.232237339,0.073318216,0.071050642,0.00170068,0.006991686,771,0.096850182,1276190798,369.3333333,0
22台北市文山區和平東路4段65巷77弄15號,博嘉里,2.5,0,0,0,0,0,0,0,0,2,0,0,3,6080,0.479276316,0.520723684,1445.820414,41.68338507,3598,0.587812449,0.056036595,0.047051135,0.032347656,0.044273811,0.057833687,0.065185427,0.072047051,0.082012743,0.082666231,0.075477863,0.076621467,0.075967979,0.073517399,0.056690083,0.036595328,0.026466264,0.01797092,0.012579644,0.007024996,0.000980232,0.000653488,0.016250945,0.122260015,0.476190476,0.232237339,0.073318216,0.071050642,0.00170068,0.006991686,771,0.096850182,1276190798,512,0
25台北市士林區東山路25巷135號,東山里,3.1,0,0,0,0,0,3,1,0,3,1,2,8,5199,0.479899981,0.520100019,3449.885211,43.05329567,3029,0.570433145,0.038418079,0.03653484,0.047645951,0.045951036,0.061770245,0.069491525,0.072316384,0.066290019,0.070056497,0.072881356,0.080979284,0.076647834,0.08173258,0.068173258,0.037099812,0.027118644,0.019020716,0.0173258,0.009039548,0.001129944,0.000376648,0.013522215,0.113329041,0.491092509,0.23717536,0.065464692,0.075767332,0.001717107,0.001931745,721,0.102633099,901552356.4,590.6666667,0
27台北市大安區臥龍街278號,黎和里,2.2,0,0,0,0,0,1,3,0,1,5,15,20,4527,0.471172962,0.528827038,8946.143892,44.58142916,2849,0.591815538,0.039468218,0.030535937,0.02783548,0.04258413,0.045907769,0.055255505,0.066057333,0.091607811,0.083298712,0.09326963,0.07852098,0.077897798,0.07852098,0.073950976,0.046323224,0.031159119,0.018695472,0.010594101,0.006855006,0.001246365,0.000415455,0.014275846,0.119963159,0.49113516,0.236011973,0.066543864,0.067004375,0.001611789,0.003453834,780,0.125342505,1003156621,502.3333333,0
28台北市中正區南昌路1段1-1號,龍福里,0.4,2,3,0,0,1,6,9,5,22,28,34,41,5699,0.477452185,0.522547815,25709.16284,38.07598936,3168,0.526770868,0.074160293,0.076820752,0.064183572,0.054206851,0.046558031,0.050881277,0.053541736,0.092949784,0.092450948,0.076321916,0.05803126,0.056035916,0.052544064,0.053209179,0.039574327,0.025606917,0.015962754,0.010641836,0.003325574,0.002660459,0.000332557,0.027330508,0.169279661,0.532627119,0.190677966,0.044279661,0.032627119,0.001059322,0.002118644,914,0.062155041,360062293.6,593.6666667,0
29台北市士林區中山北路5段282巷27號,福林里,1.5,0,1,0,0,0,3,1,0,9,7,15,23,2961,0.485984465,0.514015535,1457.187495,45.19802632,1664,0.547368421,0.046381579,0.036184211,0.033223684,0.038815789,0.051644737,0.063157895,0.060197368,0.073684211,0.069736842,0.06875,0.076644737,0.083552632,0.083552632,0.066118421,0.042763158,0.038157895,0.032894737,0.020723684,0.010526316,0.002631579,0.000657895,0.017113095,0.109747024,0.475818452,0.240327381,0.061383929,0.087425595,0.001488095,0.006696429,722,0.102633099,901552356.4,1364,0
30台北市信義區吳興街284巷59弄11號,雙和里,2.9,0,0,0,0,0,2,0,0,4,1,5,16,7100,0.475915493,0.524084507,27458.10897,43.56803995,4158,0.576779026,0.041198502,0.037453184,0.033291719,0.046885837,0.056595922,0.057012068,0.06866417,0.087806908,0.078929116,0.078651685,0.069496463,0.079622694,0.078235539,0.068802885,0.049382716,0.029268969,0.016368428,0.012068248,0.006797059,0.003051741,0.000416146,0.014370509,0.113870665,0.519525148,0.222899094,0.058263043,0.066541706,0.001405811,0.003124024,727,0.087254353,704280209.3,658.6666667,0
31台北市士林區愛富三街12巷14-2號,陽明里,5,0,0,0,0,0,1,3,0,0,1,1,1,3052,0.484272608,0.515727392,1400.661288,47.81612903,1692,0.545806452,0.037419355,0.020967742,0.02,0.038387097,0.054516129,0.057741935,0.064193548,0.070322581,0.070967742,0.061612903,0.080322581,0.086129032,0.088709677,0.07516129,0.051290323,0.041612903,0.042580645,0.019032258,0.013870968,0.004516129,0.000645161,0.018550928,0.10220511,0.456422821,0.231361568,0.079103955,0.102555128,0.00280014,0.00700035,721,0.102633099,901552356.4,481.6666667,0
32台北市士林區莊頂路172巷34弄10號,永福里,4.4,0,0,0,0,0,0,0,0,2,0,2,5,1267,0.485398579,0.514601421,857.2920356,46.99843872,711,0.555035129,0.050741608,0.017174083,0.017954723,0.037470726,0.06479313,0.058548009,0.050741608,0.067915691,0.06010929,0.088212334,0.079625293,0.085089774,0.079625293,0.075722092,0.053864169,0.046838407,0.032786885,0.016393443,0.010928962,0.004683841,0.00078064,0.021349274,0.103330487,0.379163108,0.273270709,0.08881298,0.125533732,0.003415884,0.005123826,804,0.102633099,901552356.4,590.6666667,0
34台北市士林區仰德大道3段125巷27-1號,新安里,5.1,0,0,0,0,0,0,1,0,0,0,0,3,1888,0.493644068,0.506355932,949.357145,47.58277463,1050,0.541516246,0.035585353,0.017019082,0.025786488,0.041258381,0.056214544,0.059308922,0.060340382,0.08406395,0.066013409,0.060340382,0.071686436,0.083548221,0.082001031,0.088189789,0.050025786,0.043837029,0.036101083,0.024755028,0.010830325,0.003094379,0,0.014549524,0.094571908,0.42697258,0.247901511,0.083379966,0.125349748,0.001119194,0.006155568,631,0.102633099,901552356.4,568.6666667,0
35台北市信義區吳興街600巷100弄121號,泰和里,2.8,0,0,0,0,0,0,0,0,2,0,4,6,7690,0.473081925,0.526918075,10936.13298,42.84554679,4819,0.603657773,0.045972692,0.032945008,0.030439684,0.043843167,0.054365527,0.067393211,0.070524865,0.091193787,0.089314794,0.077038707,0.080546161,0.073280722,0.07202806,0.069021671,0.04046098,0.027182763,0.016910936,0.008518101,0.007515971,0.001377928,0.000125266,0.011673699,0.095639944,0.469620253,0.258790436,0.075949367,0.081153305,0.001547117,0.005625879,692,0.087254353,704280209.3,512,0
36台北市士林區承德路4段1巷17號,明勝里,4.3,0,2,0,0,0,2,0,0,9,1,2,6,4933,0.479627002,0.520372998,16891.06367,44.02627912,2881,0.573561617,0.043798527,0.036233327,0.034839737,0.03543699,0.049771053,0.058928927,0.074258411,0.087198885,0.08839339,0.072665738,0.07326299,0.069082222,0.07843918,0.07326299,0.045789369,0.030061716,0.021899263,0.018116663,0.007167032,0.001393589,0,0.010346379,0.10391363,0.4788574,0.255510571,0.065002249,0.080521817,0.001574449,0.004273504,666,0.102633099,901552356.4,373.3333333,0
37台北市中正區重慶南路2段6巷4弄3號,南門里,0.2,1,4,0,1,2,4,12,5,21,27,34,39,2851,0.469309014,0.530690986,8949.935223,40.50137174,1462,0.501371742,0.0521262,0.066872428,0.083676269,0.049382716,0.049725652,0.037722908,0.056584362,0.071673525,0.099108368,0.076474623,0.05829904,0.051783265,0.054526749,0.061042524,0.049039781,0.031893004,0.022633745,0.015775034,0.007887517,0.003772291,0,0.029677419,0.15827957,0.530322581,0.192258065,0.045591398,0.037849462,0.00172043,0.004301075,881,0.062155041,360062293.6,436.6666667,0
40台北市萬華區長順街46巷49號,華江里,2,0,0,0,0,0,0,0,0,5,7,15,22,8414,0.485500357,0.514499643,14984.96082,43.04864802,5213,0.602380402,0.048070257,0.036052692,0.022186272,0.042754795,0.055465681,0.07129651,0.073145366,0.093598336,0.085856251,0.073954241,0.072914259,0.076149757,0.070025422,0.066443263,0.039519297,0.031777213,0.022070719,0.013173099,0.004391033,0.001039982,0.000115554,0.00478407,0.061029222,0.40651668,0.282777347,0.122446341,0.112490303,0.001810189,0.008145849,584,0.068733215,1220539682,254.3333333,0
41台北市文山區木柵路5段161-1號,博嘉里,2.8,0,0,0,0,0,0,0,0,1,1,2,2,6080,0.479276316,0.520723684,1445.820414,41.68338507,3598,0.587812449,0.056036595,0.047051135,0.032347656,0.044273811,0.057833687,0.065185427,0.072047051,0.082012743,0.082666231,0.075477863,0.076621467,0.075967979,0.073517399,0.056690083,0.036595328,0.026466264,0.01797092,0.012579644,0.007024996,0.000980232,0.000653488,0.016250945,0.122260015,0.476190476,0.232237339,0.073318216,0.071050642,0.00170068,0.006991686,771,0.096850182,1276190798,361,0
42台北市萬華區長順街125號,華江里,1.7,0,0,0,0,0,0,1,0,5,10,17,23,8414,0.485500357,0.514499643,14984.96082,43.04864802,5213,0.602380402,0.048070257,0.036052692,0.022186272,0.042754795,0.055465681,0.07129651,0.073145366,0.093598336,0.085856251,0.073954241,0.072914259,0.076149757,0.070025422,0.066443263,0.039519297,0.031777213,0.022070719,0.013173099,0.004391033,0.001039982,0.000115554,0.00478407,0.061029222,0.40651668,0.282777347,0.122446341,0.112490303,0.001810189,0.008145849,584,0.068733215,1220539682,254.3333333,0
44台北市士林區永公路245巷34弄388號,公館里,7.5,0,0,0,0,0,0,0,0,0,0,0,1,1410,0.519858156,0.480141844,788.8911363,45.62012757,800,0.566973778,0.043940468,0.027639972,0.024096386,0.036144578,0.059532247,0.071580439,0.059532247,0.072289157,0.075832743,0.063075833,0.077250177,0.087880936,0.097094259,0.058823529,0.049610206,0.036144578,0.026222537,0.021261517,0.007087172,0.004961021,0,0.009404389,0.05015674,0.369905956,0.295454545,0.123824451,0.140282132,0.003134796,0.007836991,663,0.102633099,901552356.4,549.3333333,0
46台北市文山區和平東路4段295巷92號,博嘉里,0.5,1,3,0,0,0,1,1,0,2,2,3,6,6080,0.479276316,0.520723684,1445.820414,41.68338507,3598,0.587812449,0.056036595,0.047051135,0.032347656,0.044273811,0.057833687,0.065185427,0.072047051,0.082012743,0.082666231,0.075477863,0.076621467,0.075967979,0.073517399,0.056690083,0.036595328,0.026466264,0.01797092,0.012579644,0.007024996,0.000980232,0.000653488,0.016250945,0.122260015,0.476190476,0.232237339,0.073318216,0.071050642,0.00170068,0.006991686,771,0.096850182,1276190798,445.3333333,0
48台北市南港區成福路121巷10號,成福里,0.9,0,1,0,0,0,3,5,0,3,4,10,12,7654,0.479357199,0.520642801,15235.8954,42.09836274,4619,0.586241909,0.055463891,0.036425942,0.033379871,0.045564158,0.051275543,0.055717731,0.074374921,0.107247113,0.089986039,0.072090367,0.066505902,0.069044295,0.077040234,0.063967509,0.041248889,0.026399289,0.015611118,0.010534332,0.006219063,0.001776875,0.00012692,0.007835171,0.099535694,0.469094602,0.253482298,0.071822403,0.091410331,0.001741149,0.005078352,680,0.041726568,681187333.8,628,0
49台北市大安區基隆路3段155巷150弄38號,學府里,1.8,0,0,0,0,0,1,4,0,2,4,15,20,2674,0.490276739,0.509723261,1167.651566,46.28032246,1373,0.503114694,0.036277025,0.074386222,0.027849029,0.043605716,0.05349945,0.043239282,0.043605716,0.058629535,0.061561011,0.066324661,0.083547087,0.092707952,0.074386222,0.056064492,0.04067424,0.041407109,0.038475632,0.031513375,0.022718945,0.009160865,0.000366435,0.096980009,0.101658869,0.346660995,0.256911952,0.092726499,0.098256061,0.002126755,0.00467886,730,0.125342505,1003156621,516.3333333,0
50台北市士林區環河北路3段239號,社新里,3.1,0,0,0,0,0,0,0,0,3,4,13,16,9273,0.49854416,0.50145584,23220.56443,41.99386503,5537,0.58567802,0.050560609,0.038607997,0.038396446,0.048339327,0.05394542,0.055955151,0.064734504,0.095092025,0.098688386,0.080812355,0.067378887,0.069071293,0.070340597,0.068648191,0.038290671,0.029299767,0.018193357,0.007721599,0.004548339,0.001163529,0.000211551,0.003879728,0.055771096,0.389548982,0.295950533,0.112754607,0.133608147,0.002303589,0.006183317,592,0.102633099,901552356.4,431.6666667,0
51台北市大安區基隆路3段155巷136弄臨34號,學府里,1.9,0,0,0,0,0,2,4,0,2,4,15,19,2674,0.490276739,0.509723261,1167.651566,46.28032246,1373,0.503114694,0.036277025,0.074386222,0.027849029,0.043605716,0.05349945,0.043239282,0.043605716,0.058629535,0.061561011,0.066324661,0.083547087,0.092707952,0.074386222,0.056064492,0.04067424,0.041407109,0.038475632,0.031513375,0.022718945,0.009160865,0.000366435,0.096980009,0.101658869,0.346660995,0.256911952,0.092726499,0.098256061,0.002126755,0.00467886,730,0.125342505,1003156621,452.6666667,0
53台北市士林區中山北路7段190巷114號,天母里,3.4,0,0,0,0,0,2,0,0,0,0,1,6,6852,0.470081728,0.529918272,3670.577022,43.24873974,3676,0.529454127,0.044505257,0.046665706,0.046377647,0.050554515,0.053579144,0.058620193,0.064525421,0.071294829,0.063517212,0.061356762,0.078208267,0.078352297,0.085985885,0.075903788,0.042344808,0.031686591,0.021172404,0.015555235,0.006913438,0.002304479,0.00057612,0.016533066,0.144288577,0.529392118,0.210420842,0.050768203,0.044088176,0.001169005,0.003340013,864,0.102633099,901552356.4,534.3333333,0
54台北市中山區北安路501巷92號,永安里,1,0,1,0,0,0,2,3,0,7,7,12,20,9685,0.461641714,0.538358286,36921.08475,40.72686734,5521,0.559541907,0.055640012,0.066078849,0.040640519,0.050673964,0.062734367,0.057666971,0.056653491,0.069524678,0.07530151,0.074186683,0.078645992,0.084828215,0.070639505,0.060403365,0.037093341,0.027262592,0.015404885,0.010844228,0.004662005,0.000912131,0.000202696,0.022383545,0.162129462,0.543738657,0.178947368,0.05214761,0.038475499,0.000483969,0.00169389,984,0.091203468,450445974.8,396,0
56台北市士林區永公路447號,公館里,6.5,0,0,0,0,0,0,0,0,0,0,0,0,1410,0.519858156,0.480141844,788.8911363,45.62012757,800,0.566973778,0.043940468,0.027639972,0.024096386,0.036144578,0.059532247,0.071580439,0.059532247,0.072289157,0.075832743,0.063075833,0.077250177,0.087880936,0.097094259,0.058823529,0.049610206,0.036144578,0.026222537,0.021261517,0.007087172,0.004961021,0,0.009404389,0.05015674,0.369905956,0.295454545,0.123824451,0.140282132,0.003134796,0.007836991,663,0.102633099,901552356.4,534.3333333,0
58台北市大安區和平東路2段18巷15號,龍門里,0.9,0,5,0,0,1,6,9,1,8,11,23,41,4621,0.462670418,0.537329582,9038.513477,41.75878865,2268,0.480304956,0.045955104,0.072426938,0.078780178,0.049767048,0.046166878,0.037484117,0.041507836,0.067132571,0.086615841,0.077085981,0.06120288,0.063108852,0.066709022,0.068614994,0.055273189,0.036213469,0.019906819,0.013553579,0.008470987,0.003388395,0.000635324,0.039303614,0.208124505,0.545238723,0.150356107,0.034027961,0.021893959,0.000263783,0.000791348,1080,0.125342505,1003156621,588.6666667,0
61台北市信義區信義路5段150巷102號,六合里,2.5,0,0,0,0,0,0,0,0,0,2,8,10,6699,0.472458576,0.527541424,5259.720598,45.22390029,3975,0.582844575,0.03914956,0.030351906,0.026246334,0.036510264,0.056891496,0.068914956,0.068475073,0.070674487,0.071847507,0.070967742,0.090029326,0.085043988,0.080058651,0.073753666,0.046774194,0.035777126,0.023607038,0.012903226,0.008651026,0.002785924,0.00058651,0.016539647,0.13458732,0.525377007,0.208367115,0.058375223,0.052213394,0.001135074,0.003405221,769,0.087254353,704280209.3,512,0
62台北市士林區東山路25巷81弄87號,東山里,4.5,0,0,0,0,0,2,0,0,0,0,1,2,5199,0.479899981,0.520100019,3449.885211,43.05329567,3029,0.570433145,0.038418079,0.03653484,0.047645951,0.045951036,0.061770245,0.069491525,0.072316384,0.066290019,0.070056497,0.072881356,0.080979284,0.076647834,0.08173258,0.068173258,0.037099812,0.027118644,0.019020716,0.0173258,0.009039548,0.001129944,0.000376648,0.013522215,0.113329041,0.491092509,0.23717536,0.065464692,0.075767332,0.001717107,0.001931745,721,0.102633099,901552356.4,534.3333333,0
63台北市士林區中山北路7段232巷1弄37號,天母里,3.3,0,0,0,0,0,1,0,0,0,0,1,7,6852,0.470081728,0.529918272,3670.577022,43.24873974,3676,0.529454127,0.044505257,0.046665706,0.046377647,0.050554515,0.053579144,0.058620193,0.064525421,0.071294829,0.063517212,0.061356762,0.078208267,0.078352297,0.085985885,0.075903788,0.042344808,0.031686591,0.021172404,0.015555235,0.006913438,0.002304479,0.00057612,0.016533066,0.144288577,0.529392118,0.210420842,0.050768203,0.044088176,0.001169005,0.003340013,864,0.102633099,901552356.4,526.3333333,0
64台北市文山區木柵路1段17巷1號,試院里,0.8,0,2,0,1,1,4,7,1,1,1,5,6,6923,0.474794164,0.525205836,16219.30262,41.94135846,4164,0.58557165,0.050625791,0.044860076,0.035297427,0.049360146,0.060329068,0.057235269,0.06525102,0.088595134,0.077626213,0.080016875,0.078469976,0.078048095,0.074673042,0.059907186,0.037688089,0.025734777,0.015609619,0.011953312,0.006328224,0.002250035,0.000140627,0.021841126,0.13881249,0.520304158,0.212263388,0.052256916,0.048859408,0.001779647,0.003882867,798,0.096850182,1276190798,330.6666667,0
65台北市文山區辛亥路4段21巷42號,興昌里,0.9,0,1,0,0,0,0,0,0,0,0,1,4,6717,0.471936877,0.528063123,11820.10743,42.76455992,4112,0.60020435,0.041891695,0.040723982,0.03532331,0.048752007,0.058969494,0.060137206,0.058677565,0.079112538,0.084805138,0.090205809,0.083783389,0.08451321,0.071522405,0.059261422,0.039264341,0.02568968,0.016493942,0.011969056,0.006276456,0.002335425,0.000291928,0.02283634,0.149760053,0.519609465,0.210656958,0.047823929,0.046169121,0.000827404,0.00231673,812,0.096850182,1276190798,483.3333333,0
67台北市大同區延平北路4段294巷2號,老師里,1.6,0,0,0,0,0,2,3,2,7,11,19,30,5866,0.495908626,0.504091374,10423.20757,43.12919296,3539,0.587678512,0.046164065,0.037030887,0.031717038,0.040684158,0.056625706,0.060278977,0.076386583,0.09382265,0.083527067,0.075390236,0.070906676,0.070740618,0.075224178,0.065260711,0.038027233,0.032049153,0.025240784,0.014779143,0.005147791,0.000996347,0,0.00412758,0.069043152,0.419512195,0.287804878,0.104878049,0.107317073,0.002439024,0.004878049,606,0.046560732,677679895.4,390.6666667,0
68台北市文山區和興路44巷1弄7號,試院里,1.2,0,1,0,1,0,2,5,0,1,1,3,7,6923,0.474794164,0.525205836,16219.30262,41.94135846,4164,0.58557165,0.050625791,0.044860076,0.035297427,0.049360146,0.060329068,0.057235269,0.06525102,0.088595134,0.077626213,0.080016875,0.078469976,0.078048095,0.074673042,0.059907186,0.037688089,0.025734777,0.015609619,0.011953312,0.006328224,0.002250035,0.000140627,0.021841126,0.13881249,0.520304158,0.212263388,0.052256916,0.048859408,0.001779647,0.003882867,798,0.096850182,1276190798,309.6666667,0
71台北市文山區萬芳路105巷17號,興光里,0.6,0,2,0,0,0,6,7,0,2,1,4,8,3457,0.459357825,0.540642175,9531.773098,41.93168605,2081,0.604941861,0.048837209,0.034593023,0.034302326,0.055232558,0.062209302,0.059883721,0.069186047,0.086337209,0.077034884,0.088953488,0.086918605,0.074418605,0.062790698,0.060174419,0.0375,0.027906977,0.016569767,0.011046512,0.003488372,0.002325581,0.000290698,0.0184514,0.121252059,0.480395387,0.245140033,0.057331137,0.068863262,0.003294893,0.005271829,755,0.096850182,1276190798,405,0
72台北市文山區辛亥路6段21巷34號,華興里,2.2,0,0,0,0,0,3,3,0,1,1,3,5,9199,0.480813132,0.519186868,14619.99182,41.46016469,5521,0.590418137,0.05165223,0.048123195,0.039247139,0.050262004,0.064805903,0.059672762,0.058603358,0.077317934,0.082985777,0.08373436,0.080312266,0.082985777,0.065126724,0.050475885,0.040102663,0.027697572,0.01978398,0.00973158,0.005774783,0.001069404,0.000534702,0.023226928,0.139858403,0.494969569,0.225810458,0.048813812,0.060240964,0.002359955,0.004719911,823,0.096850182,1276190798,414,0
76台北市南港區研究院路2段102巷23弄1號,中研里,2.1,0,0,0,0,0,1,0,0,0,0,0,0,9647,0.493832279,0.506167721,10168.93302,40.87312821,5707,0.585333333,0.061538462,0.054871795,0.030153846,0.038358974,0.054666667,0.069641026,0.077948718,0.099692308,0.082769231,0.062153846,0.063589744,0.074871795,0.075897436,0.059384615,0.034461538,0.023179487,0.019282051,0.010461538,0.005333333,0.001230769,0.000512821,0.042062252,0.116211994,0.47410167,0.215719265,0.062853022,0.081120058,0.002283379,0.00564836,722,0.041726568,681187333.8,397,0
77台北市文山區木柵路5段137號,博嘉里,1.6,0,0,0,0,0,0,0,0,2,2,2,3,6080,0.479276316,0.520723684,1445.820414,41.68338507,3598,0.587812449,0.056036595,0.047051135,0.032347656,0.044273811,0.057833687,0.065185427,0.072047051,0.082012743,0.082666231,0.075477863,0.076621467,0.075967979,0.073517399,0.056690083,0.036595328,0.026466264,0.01797092,0.012579644,0.007024996,0.000980232,0.000653488,0.016250945,0.122260015,0.476190476,0.232237339,0.073318216,0.071050642,0.00170068,0.006991686,771,0.096850182,1276190798,369.3333333,0
78台北市信義區松信路36號,雅祥里,0.8,0,2,0,2,1,3,8,3,9,11,13,17,5041,0.483832573,0.516167427,31325.45545,43.19836798,2987,0.580338061,0.04701768,0.038469011,0.032446085,0.044880513,0.051680591,0.057897805,0.063920731,0.088789586,0.090732466,0.081406645,0.071692248,0.074217991,0.082572372,0.061006412,0.041577618,0.034388964,0.017291626,0.012628716,0.005440062,0.001360016,0.000582864,0.012555066,0.121806167,0.481497797,0.226651982,0.070484581,0.081497797,0.00154185,0.003964758,720,0.087254353,704280209.3,685.6666667,0
79台北市南港區忠孝東路7段2號,新光里,0.4,1,2,0,1,2,2,3,0,0,3,5,10,3695,0.473342355,0.526657645,2496.049079,43.12138114,2207,0.586188579,0.046480744,0.034794157,0.034528552,0.040371846,0.050730412,0.070916335,0.071447543,0.095883134,0.084196547,0.067197875,0.065073041,0.080743692,0.074900398,0.067729084,0.049667995,0.022841965,0.021779548,0.012217795,0.005312085,0.002921647,0.000265604,0.008711325,0.096124962,0.460198258,0.253529588,0.078401922,0.094022229,0.003304296,0.00570742,672,0.041726568,681187333.8,459.6666667,0
80台北市士林區文林路661巷22號,德華里,0.5,1,4,0,1,2,8,8,0,6,6,10,14,5774,0.462937305,0.537062695,19857.87433,42.92701357,3293,0.565516057,0.050489438,0.043963593,0.035033488,0.039155075,0.051004637,0.065430191,0.071269105,0.088614116,0.085179461,0.068693114,0.068349648,0.066975786,0.071612571,0.071440838,0.049287309,0.031083634,0.023183926,0.011506097,0.004980251,0.002575992,0.000171733,0.012625764,0.106135332,0.490826593,0.231012034,0.068652594,0.084632077,0.002761886,0.003353719,683,0.102633099,901552356.4,2403.333333,0
83台北市文山區木柵路5段52號,博嘉里,1.2,0,1,0,0,0,0,0,0,2,2,2,3,6080,0.479276316,0.520723684,1445.820414,41.68338507,3598,0.587812449,0.056036595,0.047051135,0.032347656,0.044273811,0.057833687,0.065185427,0.072047051,0.082012743,0.082666231,0.075477863,0.076621467,0.075967979,0.073517399,0.056690083,0.036595328,0.026466264,0.01797092,0.012579644,0.007024996,0.000980232,0.000653488,0.016250945,0.122260015,0.476190476,0.232237339,0.073318216,0.071050642,0.00170068,0.006991686,771,0.096850182,1276190798,369.3333333,0
84台北市士林區永公路251號,公館里,4.9,0,0,0,0,0,0,0,0,0,0,0,2,1410,0.519858156,0.480141844,788.8911363,45.62012757,800,0.566973778,0.043940468,0.027639972,0.024096386,0.036144578,0.059532247,0.071580439,0.059532247,0.072289157,0.075832743,0.063075833,0.077250177,0.087880936,0.097094259,0.058823529,0.049610206,0.036144578,0.026222537,0.021261517,0.007087172,0.004961021,0,0.009404389,0.05015674,0.369905956,0.295454545,0.123824451,0.140282132,0.003134796,0.007836991,663,0.102633099,901552356.4,568.6666667,0
85台北市大安區建國南路1段286巷32號,民炤里,0.4,1,6,0,1,2,8,15,2,6,20,36,47,8380,0.468735084,0.531264916,32036.15159,43.96241404,4190,0.496798672,0.045648565,0.058098174,0.054896846,0.048375622,0.047071378,0.047189945,0.045529998,0.066279346,0.070784918,0.072800569,0.071140621,0.076001897,0.070547783,0.072207731,0.051695518,0.040075883,0.027270571,0.020867916,0.011026796,0.001897083,0.000592839,0.033540023,0.19729425,0.542559188,0.160231116,0.037063134,0.026352875,0.00126832,0.001691094,954,0.125342505,1003156621,547.6666667,0
89台北市中正區中山南路18巷49-1號,東門里,0.5,1,4,0,4,1,7,11,7,22,29,35,41,3989,0.483329155,0.516670845,5299.603846,41.43286867,2125,0.519686965,0.052090976,0.064563463,0.058449499,0.04793348,0.04622157,0.048422597,0.057960382,0.0855955,0.084128149,0.060405967,0.071411103,0.065541697,0.067987283,0.072144779,0.047199804,0.028124236,0.019320127,0.01369528,0.004402054,0.004157496,0.000244559,0.03587311,0.194485621,0.514675363,0.164838423,0.040913134,0.045063741,0.000889416,0.003261192,912,0.062155041,360062293.6,479.3333333,0
90台北市士林區中山北路7段81巷28弄12號,天母里,2.3,0,0,0,2,0,0,2,0,0,1,5,9,6852,0.470081728,0.529918272,3670.577022,43.24873974,3676,0.529454127,0.044505257,0.046665706,0.046377647,0.050554515,0.053579144,0.058620193,0.064525421,0.071294829,0.063517212,0.061356762,0.078208267,0.078352297,0.085985885,0.075903788,0.042344808,0.031686591,0.021172404,0.015555235,0.006913438,0.002304479,0.00057612,0.016533066,0.144288577,0.529392118,0.210420842,0.050768203,0.044088176,0.001169005,0.003340013,864,0.102633099,901552356.4,725.6666667,0
91台北市大安區杭州南路2段61巷21號,錦泰里,0.6,0,4,0,0,2,5,10,2,16,26,32,43,4071,0.482682388,0.517317612,29422.78096,40.15785555,1995,0.495160089,0.050881112,0.078679573,0.086870191,0.049143708,0.041449491,0.03201787,0.049391909,0.073963763,0.095805411,0.083643584,0.066269546,0.052618516,0.056341524,0.061057334,0.042938694,0.032266071,0.02283445,0.014147431,0.006453214,0.002482005,0.000744602,0.045612924,0.206525182,0.542603738,0.152993348,0.02914159,0.021539436,0.000316756,0.001267026,1052,0.125342505,1003156621,491,0
92台北市士林區社中街210巷42號,社子里,2.8,0,0,0,0,0,4,0,0,4,6,10,18,6630,0.494117647,0.505882353,17899.74399,41.99895911,3937,0.585427509,0.047583643,0.044312268,0.040446097,0.042973978,0.055464684,0.061412639,0.069591078,0.092342007,0.088327138,0.072862454,0.073605948,0.071821561,0.070780669,0.067211896,0.036877323,0.025724907,0.024089219,0.008624535,0.004460967,0.000892193,0.000594796,0.005998286,0.066152528,0.389203085,0.280034276,0.11293916,0.136932305,0.001885176,0.006855184,608,0.102633099,901552356.4,431.6666667,0
93台北市中正區重慶南路2段14-3號,龍福里,0.5,1,3,0,0,1,4,11,5,20,25,31,38,5699,0.477452185,0.522547815,25709.16284,38.07598936,3168,0.526770868,0.074160293,0.076820752,0.064183572,0.054206851,0.046558031,0.050881277,0.053541736,0.092949784,0.092450948,0.076321916,0.05803126,0.056035916,0.052544064,0.053209179,0.039574327,0.025606917,0.015962754,0.010641836,0.003325574,0.002660459,0.000332557,0.027330508,0.169279661,0.532627119,0.190677966,0.044279661,0.032627119,0.001059322,0.002118644,914,0.062155041,360062293.6,436.6666667,0
95台北市大安區富陽街180巷2弄8號,黎孝里,2.2,0,0,0,0,0,1,1,0,1,2,12,18,7684,0.472670484,0.527329516,24520.78286,44.23454732,4400,0.564247243,0.04834573,0.031418312,0.031290074,0.036419595,0.051808156,0.058476532,0.073736856,0.090536035,0.077712234,0.068863811,0.067966145,0.075147474,0.082072326,0.082969992,0.054501154,0.030392408,0.016927417,0.012567325,0.0064119,0.002436522,0,0.013416042,0.117714945,0.51644547,0.227928448,0.055972302,0.063185228,0.001154068,0.004183497,743,0.125342505,1003156621,516.3333333,0
96台北市大安區和平東路3段308巷51號,黎孝里,1.7,0,0,0,0,1,3,4,0,1,9,15,23,7684,0.472670484,0.527329516,24520.78286,44.23454732,4400,0.564247243,0.04834573,0.031418312,0.031290074,0.036419595,0.051808156,0.058476532,0.073736856,0.090536035,0.077712234,0.068863811,0.067966145,0.075147474,0.082072326,0.082969992,0.054501154,0.030392408,0.016927417,0.012567325,0.0064119,0.002436522,0,0.013416042,0.117714945,0.51644547,0.227928448,0.055972302,0.063185228,0.001154068,0.004183497,743,0.125342505,1003156621,516.3333333,0
98台北市士林區永平街80巷21號,社園里,3.1,0,0,0,0,0,0,0,0,3,5,10,16,7456,0.502145923,0.497854077,36683.08858,41.14036239,4480,0.588235294,0.053571429,0.04529937,0.040309874,0.045168067,0.057904412,0.056722689,0.069196429,0.105961134,0.094012605,0.069590336,0.065651261,0.069196429,0.068014706,0.061186975,0.035976891,0.029936975,0.01772584,0.010766807,0.003282563,0.000393908,0.000131303,0.004423429,0.062538133,0.386058572,0.283404515,0.113483832,0.142769982,0.001830384,0.005491153,613,0.102633099,901552356.4,431.6666667,0
99台北市大安區仁愛路3段55號,義村里,0.7,0,5,0,5,3,9,14,1,7,19,33,49,5457,0.467839472,0.532160528,22201.37333,47.92716182,2933,0.526193039,0.034266236,0.020452099,0.026372443,0.041263007,0.052386078,0.052744887,0.052924291,0.070326516,0.07212056,0.069608898,0.076605669,0.079476139,0.088984571,0.096160746,0.065662002,0.040904198,0.022246143,0.019375673,0.012917115,0.004305705,0.000897022,0.021475986,0.14935572,0.543732917,0.198945724,0.043732917,0.039242483,0.000780945,0.002733307,756,0.125342505,1003156621,868,0
102台北市萬華區環河南路1段286號,福星里,1.2,0,1,0,4,0,3,3,3,16,20,23,33,5467,0.47631242,0.52368758,22434.57211,45.05049239,3125,0.559534467,0.043867502,0.043688451,0.02775291,0.036884512,0.043688451,0.045658013,0.057833483,0.093106535,0.089525515,0.072157565,0.078424351,0.079140555,0.081289167,0.078424351,0.045478962,0.030975828,0.022202328,0.016651746,0.008415398,0.004297225,0.000537153,0.010928962,0.079538555,0.412871888,0.282129124,0.117992309,0.088443635,0.002631046,0.005464481,632,0.068733215,1220539682,449.6666667,0
103台北市中山區北安路689巷臨41-1號,成功里,0.9,0,2,0,3,0,2,3,0,6,5,11,19,6984,0.459335624,0.540664376,10766.44113,38.99210489,3933,0.554490343,0.05230509,0.07035105,0.070492034,0.054278866,0.051177217,0.048780488,0.060059213,0.077682222,0.084590441,0.080501903,0.08557733,0.066121528,0.06062315,0.055265755,0.035105033,0.020160722,0.012265614,0.009163964,0.00451149,0.000986888,0,0.019395422,0.163550585,0.550410624,0.178927136,0.044906518,0.041411847,0.000349467,0.001048401,1157,0.091203468,450445974.8,588,0
105台北市士林區東山路25巷119號,東山里,3.5,0,0,0,0,0,1,1,0,0,1,2,7,5199,0.479899981,0.520100019,3449.885211,43.05329567,3029,0.570433145,0.038418079,0.03653484,0.047645951,0.045951036,0.061770245,0.069491525,0.072316384,0.066290019,0.070056497,0.072881356,0.080979284,0.076647834,0.08173258,0.068173258,0.037099812,0.027118644,0.019020716,0.0173258,0.009039548,0.001129944,0.000376648,0.013522215,0.113329041,0.491092509,0.23717536,0.065464692,0.075767332,0.001717107,0.001931745,721,0.102633099,901552356.4,568.6666667,0
108台北市士林區莊頂路2號,永福里,3.4,0,0,0,0,0,2,2,0,2,2,5,8,1267,0.485398579,0.514601421,857.2920356,46.99843872,711,0.555035129,0.050741608,0.017174083,0.017954723,0.037470726,0.06479313,0.058548009,0.050741608,0.067915691,0.06010929,0.088212334,0.079625293,0.085089774,0.079625293,0.075722092,0.053864169,0.046838407,0.032786885,0.016393443,0.010928962,0.004683841,0.00078064,0.021349274,0.103330487,0.379163108,0.273270709,0.08881298,0.125533732,0.003415884,0.005123826,804,0.102633099,901552356.4,545,0
110台北市萬華區國興路42號,凌霄里,1.5,0,0,0,0,1,2,6,1,15,20,30,32,3617,0.466408626,0.533591374,115701.3438,45.15527449,2203,0.592841765,0.043595264,0.030678149,0.027179763,0.040365985,0.047631862,0.053013994,0.066200215,0.083692142,0.086652314,0.078579117,0.084230355,0.092841765,0.078040904,0.05489774,0.03606028,0.035791173,0.024488698,0.020721206,0.011302476,0.003229279,0.00080732,0.003893381,0.0622941,0.382150344,0.296495957,0.115902965,0.120694819,0.005690326,0.012878107,599,0.068733215,1220539682,825,0
112台北市大安區復興南路1段237號,仁慈里,0.6,0,4,1,6,0,11,15,2,9,16,30,45,5819,0.47413645,0.52586355,48192.78817,40.04443685,2945,0.503332764,0.052127841,0.078960861,0.075884464,0.053836951,0.048709622,0.042044095,0.047513246,0.067338916,0.08220817,0.076739019,0.071269868,0.067509827,0.061527944,0.064091608,0.043753205,0.025465732,0.019996582,0.011963767,0.007349171,0.001538199,0.000170911,0.030818966,0.186637931,0.558405172,0.157758621,0.037068966,0.026724138,0.001939655,0.000646552,982,0.125342505,1003156621,1477.666667,0
113台北市士林區新安路臨106號,新安里,5,0,0,0,0,0,0,0,0,0,0,0,2,1888,0.493644068,0.506355932,949.357145,47.58277463,1050,0.541516246,0.035585353,0.017019082,0.025786488,0.041258381,0.056214544,0.059308922,0.060340382,0.08406395,0.066013409,0.060340382,0.071686436,0.083548221,0.082001031,0.088189789,0.050025786,0.043837029,0.036101083,0.024755028,0.010830325,0.003094379,0,0.014549524,0.094571908,0.42697258,0.247901511,0.083379966,0.125349748,0.001119194,0.006155568,631,0.102633099,901552356.4,568.6666667,0
114台北市大安區臥龍街426巷59號,黎和里,2.5,0,1,0,0,0,0,1,0,1,2,11,19,4527,0.471172962,0.528827038,8946.143892,44.58142916,2849,0.591815538,0.039468218,0.030535937,0.02783548,0.04258413,0.045907769,0.055255505,0.066057333,0.091607811,0.083298712,0.09326963,0.07852098,0.077897798,0.07852098,0.073950976,0.046323224,0.031159119,0.018695472,0.010594101,0.006855006,0.001246365,0.000415455,0.014275846,0.119963159,0.49113516,0.236011973,0.066543864,0.067004375,0.001611789,0.003453834,780,0.125342505,1003156621,502.3333333,0
117台北市士林區永公路臨319號,公館里,5.5,0,0,0,0,0,0,0,0,1,0,0,2,1410,0.519858156,0.480141844,788.8911363,45.62012757,800,0.566973778,0.043940468,0.027639972,0.024096386,0.036144578,0.059532247,0.071580439,0.059532247,0.072289157,0.075832743,0.063075833,0.077250177,0.087880936,0.097094259,0.058823529,0.049610206,0.036144578,0.026222537,0.021261517,0.007087172,0.004961021,0,0.009404389,0.05015674,0.369905956,0.295454545,0.123824451,0.140282132,0.003134796,0.007836991,663,0.102633099,901552356.4,568.6666667,0
118台北市中正區博愛路166號,建國里,0.4,1,5,1,12,1,6,8,7,23,28,35,41,1775,0.45915493,0.54084507,3006.066334,34.8669265,907,0.505011136,0.079621381,0.095211581,0.091314031,0.06403118,0.046770601,0.043429844,0.05623608,0.08518931,0.09688196,0.080734967,0.046213808,0.049554566,0.050668151,0.039532294,0.030623608,0.018930958,0.011135857,0.004454343,0.007238307,0.002227171,0,0.018209408,0.173748103,0.541729894,0.191957511,0.041729894,0.031866464,0,0.000758725,928,0.062155041,360062293.6,1141,0
119台北市信義區臥龍街431巷45號,黎和里,3.1,0,0,0,0,0,0,0,0,0,0,3,16,4527,0.471172962,0.528827038,8946.143892,44.58142916,2849,0.591815538,0.039468218,0.030535937,0.02783548,0.04258413,0.045907769,0.055255505,0.066057333,0.091607811,0.083298712,0.09326963,0.07852098,0.077897798,0.07852098,0.073950976,0.046323224,0.031159119,0.018695472,0.010594101,0.006855006,0.001246365,0.000415455,0.014275846,0.119963159,0.49113516,0.236011973,0.066543864,0.067004375,0.001611789,0.003453834,780,0.087254353,704280209.3,512,0
121台北市中山區明水路488號,成功里,0.8,0,2,0,5,0,1,4,2,3,4,5,15,6984,0.459335624,0.540664376,10766.44113,38.99210489,3933,0.554490343,0.05230509,0.07035105,0.070492034,0.054278866,0.051177217,0.048780488,0.060059213,0.077682222,0.084590441,0.080501903,0.08557733,0.066121528,0.06062315,0.055265755,0.035105033,0.020160722,0.012265614,0.009163964,0.00451149,0.000986888,0,0.019395422,0.163550585,0.550410624,0.178927136,0.044906518,0.041411847,0.000349467,0.001048401,1157,0.091203468,450445974.8,444.3333333,0
122台北市士林區中山北路5段460巷13-1號,福林里,1,0,3,0,0,0,6,9,1,7,8,12,17,2961,0.485984465,0.514015535,1457.187495,45.19802632,1664,0.547368421,0.046381579,0.036184211,0.033223684,0.038815789,0.051644737,0.063157895,0.060197368,0.073684211,0.069736842,0.06875,0.076644737,0.083552632,0.083552632,0.066118421,0.042763158,0.038157895,0.032894737,0.020723684,0.010526316,0.002631579,0.000657895,0.017113095,0.109747024,0.475818452,0.240327381,0.061383929,0.087425595,0.001488095,0.006696429,722,0.102633099,901552356.4,1292.666667,0
123台北市大安區舟山路237號,學府里,0.8,0,1,0,0,2,5,6,1,6,7,19,29,2674,0.490276739,0.509723261,1167.651566,46.28032246,1373,0.503114694,0.036277025,0.074386222,0.027849029,0.043605716,0.05349945,0.043239282,0.043605716,0.058629535,0.061561011,0.066324661,0.083547087,0.092707952,0.074386222,0.056064492,0.04067424,0.041407109,0.038475632,0.031513375,0.022718945,0.009160865,0.000366435,0.096980009,0.101658869,0.346660995,0.256911952,0.092726499,0.098256061,0.002126755,0.00467886,730,0.125342505,1003156621,1442.333333,0
124台北市士林區中山北路7段114巷33弄8號,天和里,2.7,0,0,0,2,0,1,1,0,0,1,2,9,7704,0.475597092,0.524402908,19458.81371,42.42122023,4330,0.551522099,0.043051841,0.047637244,0.047382499,0.045981404,0.059864985,0.063813527,0.067762069,0.076423386,0.070309515,0.060883964,0.071965355,0.080499299,0.090052223,0.071965355,0.03808432,0.025601834,0.015539422,0.013501465,0.008406572,0.000764234,0.000509489,0.018767548,0.137136102,0.559627605,0.197872026,0.042411704,0.041672824,0.000147776,0.002364416,817,0.102633099,901552356.4,534.3333333,0
125台北市信義區忠孝東路5段236巷3弄11號,廣居里,0.4,1,3,0,13,2,4,6,0,10,11,14,16,7950,0.467672956,0.532327044,47542.3891,41.5002457,4426,0.543734644,0.055159705,0.061302211,0.050982801,0.042628993,0.045208845,0.054054054,0.062530713,0.07985258,0.088452088,0.07014742,0.067813268,0.075675676,0.072727273,0.067076167,0.038574939,0.028501229,0.02027027,0.012039312,0.005282555,0.001597052,0.00012285,0.017854508,0.14800059,0.552309281,0.189907039,0.04884167,0.040725985,0.00073779,0.001623137,837,0.087254353,704280209.3,406,0
126台北市中山區新生北路2段66-4號,中山里,0.9,0,5,1,4,0,4,15,1,13,21,33,46,6757,0.425484683,0.574515317,40943.61427,44.57203328,4221,0.616114436,0.050065684,0.030652459,0.016202014,0.024667932,0.037220844,0.059261422,0.080426215,0.104072398,0.090497738,0.075171508,0.087870384,0.081593928,0.08845424,0.069624872,0.041745731,0.026565465,0.018829368,0.010217486,0.005984528,0.000875785,0,0.012607079,0.11233231,0.483433005,0.249717149,0.069177307,0.069177307,0.000969775,0.002586068,660,0.091203468,450445974.8,477,0
127台北市士林區中山北路7段190巷136號,天母里,3.4,0,0,0,0,0,1,0,0,0,0,1,7,6852,0.470081728,0.529918272,3670.577022,43.24873974,3676,0.529454127,0.044505257,0.046665706,0.046377647,0.050554515,0.053579144,0.058620193,0.064525421,0.071294829,0.063517212,0.061356762,0.078208267,0.078352297,0.085985885,0.075903788,0.042344808,0.031686591,0.021172404,0.015555235,0.006913438,0.002304479,0.00057612,0.016533066,0.144288577,0.529392118,0.210420842,0.050768203,0.044088176,0.001169005,0.003340013,864,0.102633099,901552356.4,526.3333333,0
129台北市大安區仁愛路3段122號,和安里,0.6,0,5,0,4,2,12,15,1,7,16,32,49,7108,0.48368036,0.51631964,23851.0938,40.55331689,3854,0.528234649,0.048656798,0.062911184,0.072779605,0.057976974,0.058525219,0.043037281,0.050438596,0.068667763,0.084841009,0.081140351,0.075109649,0.066474781,0.054139254,0.055509868,0.042351974,0.031524123,0.023163377,0.012746711,0.007127193,0.002604167,0.000274123,0.02655016,0.182322299,0.541925727,0.179465636,0.038985045,0.028566627,0.000336078,0.001848429,1015,0.125342505,1003156621,510,0
132台北市南港區東新街170巷61號,成福里,1.9,0,0,0,0,0,1,0,0,1,0,3,3,7654,0.479357199,0.520642801,15235.8954,42.09836274,4619,0.586241909,0.055463891,0.036425942,0.033379871,0.045564158,0.051275543,0.055717731,0.074374921,0.107247113,0.089986039,0.072090367,0.066505902,0.069044295,0.077040234,0.063967509,0.041248889,0.026399289,0.015611118,0.010534332,0.006219063,0.001776875,0.00012692,0.007835171,0.099535694,0.469094602,0.253482298,0.071822403,0.091410331,0.001741149,0.005078352,680,0.041726568,681187333.8,470.3333333,0
133台北市南港區忠孝東路7段478巷6號,中南里,0.3,1,2,1,2,0,2,3,0,0,0,3,4,3726,0.496242619,0.503757381,2210.062217,41.92007243,2312,0.598034144,0.0499224,0.04009312,0.033885153,0.047335748,0.055095706,0.065700983,0.067252975,0.095964822,0.089498189,0.071391619,0.0812209,0.07190895,0.06751164,0.066218314,0.032074496,0.028194516,0.021986549,0.00879462,0.004138645,0.001034661,0.000775996,0.006495424,0.058458813,0.413935636,0.288160614,0.097431355,0.124889283,0.002657219,0.007971656,587,0.041726568,681187333.8,397,0
134台北市信義區虎林街104巷168號,長春里,0.5,1,3,0,10,1,4,6,1,10,11,13,16,4221,0.487088368,0.512911632,48236.05931,44.23313309,2641,0.610212569,0.044362292,0.026802218,0.021025878,0.039048059,0.056839187,0.070009242,0.071857671,0.098197782,0.079713494,0.070471349,0.080868762,0.082255083,0.077634011,0.057994455,0.037892791,0.033040665,0.028881701,0.016173752,0.005083179,0.001155268,0.000693161,0.007126495,0.075337236,0.463731229,0.251208959,0.091626368,0.103079664,0.002799695,0.005090354,636,0.087254353,704280209.3,392,0
137台北市信義區信安街153號,黎平里,1.5,0,0,0,1,0,5,8,0,5,10,16,25,6947,0.464517058,0.535482942,52913.88827,44.10765313,4137,0.585231292,0.045833923,0.031829113,0.027726694,0.041165653,0.050926581,0.058989956,0.070024049,0.092233696,0.083180082,0.076672797,0.071580139,0.081623992,0.076955722,0.070024049,0.046116848,0.034658368,0.021502334,0.011741406,0.005092658,0.001839015,0.000282925,0.015496521,0.12745098,0.5056926,0.21457938,0.064358001,0.06657179,0.001897533,0.003953194,730,0.087254353,704280209.3,381.3333333,0
138台北市士林區自祥街34號,福林里,1.1,0,3,0,0,3,6,7,1,7,8,10,15,2961,0.485984465,0.514015535,1457.187495,45.19802632,1664,0.547368421,0.046381579,0.036184211,0.033223684,0.038815789,0.051644737,0.063157895,0.060197368,0.073684211,0.069736842,0.06875,0.076644737,0.083552632,0.083552632,0.066118421,0.042763158,0.038157895,0.032894737,0.020723684,0.010526316,0.002631579,0.000657895,0.017113095,0.109747024,0.475818452,0.240327381,0.061383929,0.087425595,0.001488095,0.006696429,722,0.102633099,901552356.4,1292.666667,0
139台北市信義區吳興街432巷35號,惠安里,1.4,0,0,0,0,1,3,2,0,4,5,11,18,6527,0.478627241,0.521372759,17564.39888,43.77806238,4020,0.605695344,0.044598463,0.028326051,0.030736779,0.03736628,0.057254784,0.071116468,0.070815127,0.08091005,0.081211391,0.076540606,0.079704686,0.088142233,0.078499322,0.06222691,0.042187735,0.02817538,0.021545879,0.011902968,0.006478831,0.001506705,0.000753352,0.011262397,0.102538242,0.498739284,0.229786519,0.071272483,0.080853925,0.002017146,0.003530005,686,0.087254353,704280209.3,512,0
140台北市信義區吳興街600巷76弄137號,泰和里,2.1,0,0,0,0,0,1,1,0,2,4,5,12,7690,0.473081925,0.526918075,10936.13298,42.84554679,4819,0.603657773,0.045972692,0.032945008,0.030439684,0.043843167,0.054365527,0.067393211,0.070524865,0.091193787,0.089314794,0.077038707,0.080546161,0.073280722,0.07202806,0.069021671,0.04046098,0.027182763,0.016910936,0.008518101,0.007515971,0.001377928,0.000125266,0.011673699,0.095639944,0.469620253,0.258790436,0.075949367,0.081153305,0.001547117,0.005625879,692,0.087254353,704280209.3,512,0
142台北市中山區通北街65巷67號,劍潭里,1.2,0,1,0,0,0,3,3,0,6,4,11,18,3752,0.477878465,0.522121535,1521.330985,44.36499215,2035,0.532443747,0.047095761,0.044740973,0.050758765,0.036368394,0.044217687,0.047357405,0.057299843,0.075614861,0.082155939,0.075876504,0.074306646,0.075614861,0.072736787,0.080062794,0.049450549,0.030873888,0.01674516,0.019884877,0.014128728,0.00418629,0.000523286,0.017088801,0.11046689,0.515715594,0.221849252,0.065913946,0.061336588,0.002441257,0.005187672,760,0.091203468,450445974.8,451.6666667,0
144台北市士林區永公路296巷40號,公館里,5.3,0,0,0,0,0,0,0,0,0,0,0,2,1410,0.519858156,0.480141844,788.8911363,45.62012757,800,0.566973778,0.043940468,0.027639972,0.024096386,0.036144578,0.059532247,0.071580439,0.059532247,0.072289157,0.075832743,0.063075833,0.077250177,0.087880936,0.097094259,0.058823529,0.049610206,0.036144578,0.026222537,0.021261517,0.007087172,0.004961021,0,0.009404389,0.05015674,0.369905956,0.295454545,0.123824451,0.140282132,0.003134796,0.007836991,663,0.102633099,901552356.4,590.6666667,0
145台北市士林區永公路245巷16-2號,公館里,5.2,0,0,0,0,0,0,0,0,0,0,0,2,1410,0.519858156,0.480141844,788.8911363,45.62012757,800,0.566973778,0.043940468,0.027639972,0.024096386,0.036144578,0.059532247,0.071580439,0.059532247,0.072289157,0.075832743,0.063075833,0.077250177,0.087880936,0.097094259,0.058823529,0.049610206,0.036144578,0.026222537,0.021261517,0.007087172,0.004961021,0,0.009404389,0.05015674,0.369905956,0.295454545,0.123824451,0.140282132,0.003134796,0.007836991,663,0.102633099,901552356.4,568.6666667,0
148台北市士林區永公路245巷34弄420-1號,公館里,7.6,0,0,0,0,0,0,0,0,0,0,0,1,1410,0.519858156,0.480141844,788.8911363,45.62012757,800,0.566973778,0.043940468,0.027639972,0.024096386,0.036144578,0.059532247,0.071580439,0.059532247,0.072289157,0.075832743,0.063075833,0.077250177,0.087880936,0.097094259,0.058823529,0.049610206,0.036144578,0.026222537,0.021261517,0.007087172,0.004961021,0,0.009404389,0.05015674,0.369905956,0.295454545,0.123824451,0.140282132,0.003134796,0.007836991,663,0.102633099,901552356.4,549.3333333,0
149台北市中山區撫順街41巷9號,集英里,0.5,2,5,0,0,0,14,16,3,14,17,31,44,7268,0.452256467,0.547743533,21950.77362,42.23888217,4190,0.562945049,0.045277442,0.051323391,0.053876125,0.038694075,0.049576784,0.057638049,0.060593847,0.083434099,0.089076985,0.073223163,0.079269112,0.070133011,0.072148327,0.066908505,0.038022303,0.027139594,0.021765417,0.013032379,0.007120785,0.001477899,0.000268709,0.016131583,0.100743318,0.497706785,0.244346038,0.067531235,0.068796457,0.002214139,0.002530444,746,0.091203468,450445974.8,390,0
150台北市中山區通北街146巷94弄7號,劍潭里,1.3,0,0,0,0,0,1,3,0,7,8,15,19,3752,0.477878465,0.522121535,1521.330985,44.36499215,2035,0.532443747,0.047095761,0.044740973,0.050758765,0.036368394,0.044217687,0.047357405,0.057299843,0.075614861,0.082155939,0.075876504,0.074306646,0.075614861,0.072736787,0.080062794,0.049450549,0.030873888,0.01674516,0.019884877,0.014128728,0.00418629,0.000523286,0.017088801,0.11046689,0.515715594,0.221849252,0.065913946,0.061336588,0.002441257,0.005187672,760,0.091203468,450445974.8,1277,0
151台北市士林區士東路258號,芝山里,2,0,0,1,3,0,2,2,0,1,2,8,8,7758,0.474606857,0.525393143,7036.93746,42.08912905,4403,0.559821996,0.050985378,0.037253655,0.045645264,0.046662428,0.056325493,0.063445645,0.075143039,0.087984743,0.073363001,0.060648442,0.06675143,0.076160203,0.08633185,0.077177368,0.040940877,0.020470439,0.017418945,0.009917355,0.005848697,0.001271456,0.000254291,0.015413975,0.120669407,0.534497945,0.222254844,0.054462713,0.05020552,0.001174398,0.001321198,753,0.102633099,901552356.4,654.3333333,0
152台北市士林區臨溪路100巷臨37號,臨溪里,2.6,0,0,0,0,0,3,2,0,3,3,6,12,2921,0.484765491,0.515234509,1309.496151,46.40053316,1672,0.557147618,0.038653782,0.029656781,0.028990337,0.036987671,0.050983006,0.063645452,0.067644119,0.06631123,0.064978341,0.07230923,0.080306564,0.090969677,0.078640453,0.073975342,0.050649783,0.037320893,0.034655115,0.019326891,0.009996668,0.002665778,0.001332889,0.016980436,0.11480251,0.479881875,0.236987818,0.073089701,0.068660022,0.005537099,0.004060539,860,0.102633099,901552356.4,465.6666667,0
153台北市士林區中庸一路臨42-1號,陽明里,6.1,0,0,0,0,0,2,2,0,0,0,1,1,3052,0.484272608,0.515727392,1400.661288,47.81612903,1692,0.545806452,0.037419355,0.020967742,0.02,0.038387097,0.054516129,0.057741935,0.064193548,0.070322581,0.070967742,0.061612903,0.080322581,0.086129032,0.088709677,0.07516129,0.051290323,0.041612903,0.042580645,0.019032258,0.013870968,0.004516129,0.000645161,0.018550928,0.10220511,0.456422821,0.231361568,0.079103955,0.102555128,0.00280014,0.00700035,721,0.102633099,901552356.4,534.3333333,0
155台北市中山區濱江街101號,大佳里,1.9,0,0,0,0,0,1,0,1,9,10,14,23,1093,0.547118024,0.452881976,813.6990737,42.100271,615,0.555555556,0.037037037,0.062330623,0.045167118,0.050587173,0.052393857,0.046973803,0.06504065,0.086720867,0.084914182,0.073170732,0.075880759,0.070460705,0.06865402,0.076784101,0.039747064,0.028906956,0.019873532,0.009936766,0.003613369,0.001806685,0,0.002111932,0.03062302,0.354804646,0.297782471,0.138331573,0.163674762,0.006335797,0.006335797,560,0.091203468,450445974.8,296,0
156台北市南港區惠民街71號,三重里,0.8,0,4,0,3,1,3,4,0,0,0,4,4,8050,0.483602484,0.516397516,7628.698236,38.94547286,4851,0.610880242,0.080846241,0.059438358,0.029215464,0.038030475,0.049993704,0.054149351,0.068757083,0.106913487,0.107543131,0.082105528,0.072534945,0.068883012,0.058430928,0.054527138,0.029341393,0.016874449,0.012089158,0.007429795,0.002644503,0.000251857,0,0.022592873,0.161031084,0.508263836,0.189385898,0.056557998,0.057771039,0.0015163,0.00288097,988,0.041726568,681187333.8,397,0
157台北市中山區劍南路326巷36弄13號,北安里,1.5,0,1,0,1,0,0,0,0,5,5,9,14,2669,0.475458973,0.524541027,6291.804476,42.85337243,1498,0.549120235,0.050953079,0.047653959,0.046187683,0.039222874,0.045821114,0.063416422,0.068548387,0.075146628,0.083944282,0.065615836,0.069648094,0.076979472,0.071847507,0.083944282,0.040322581,0.027859238,0.019428152,0.012463343,0.009164223,0.001466276,0.000366569,0.015859408,0.130732962,0.537076725,0.213459066,0.051435919,0.049292756,0.000857265,0.001285898,801,0.091203468,450445974.8,465.6666667,0
158台北市萬華區雙園街61號,和平里,1,0,1,0,0,1,2,2,0,10,13,23,30,6695,0.492008962,0.507991038,47551.43884,44.37035436,4138,0.596081821,0.049409392,0.02866609,0.021175454,0.035724575,0.05301066,0.064102564,0.072313454,0.096225872,0.084989916,0.070008643,0.074618266,0.080812446,0.079227888,0.062085854,0.041054451,0.035868626,0.027801786,0.016853933,0.005185825,0.000720254,0.000144051,0.004797697,0.061730369,0.365424596,0.283543899,0.129537822,0.141691988,0.003518311,0.009755317,594,0.068733215,1220539682,283.3333333,0
159台北市大同區民權西路217號,蓬萊里,0.1,3,4,0,0,2,9,12,2,13,21,33,43,4978,0.476697469,0.523302531,30080.57968,43.26224955,2965,0.588176949,0.043047014,0.033723468,0.042055148,0.039079548,0.049394961,0.060900615,0.071414402,0.095814323,0.084110296,0.075580242,0.077167229,0.073794882,0.074786749,0.064272962,0.041261654,0.030747867,0.025193414,0.011704027,0.005554453,0.000198373,0.000198373,0.010805943,0.090049527,0.45992796,0.262044124,0.08959928,0.082170194,0.001350743,0.004052229,661,0.046560732,677679895.4,421.3333333,0
160台北市大安區永康街23巷51號,福住里,0.4,2,3,0,0,1,7,11,3,10,18,36,47,6858,0.456255468,0.543744532,48346.37185,39.00288559,3529,0.509161737,0.065791372,0.080507863,0.072428221,0.051507719,0.048045015,0.040253932,0.046457943,0.081084981,0.094791516,0.0725725,0.065647093,0.060308758,0.059298802,0.054970423,0.036791228,0.032174289,0.017602078,0.010243832,0.007069687,0.002308469,0.000144279,0.03434903,0.205909511,0.535364728,0.162142198,0.033425669,0.026962142,0.000738689,0.001108033,991,0.125342505,1003156621,748,0
162台北市大同區敦煌路21巷2號,重慶里,4.5,0,2,0,0,0,2,0,0,11,1,2,5,6768,0.47429078,0.52570922,16524.36802,42.38432724,3864,0.578963141,0.046299071,0.041804016,0.039106982,0.049145939,0.058585556,0.059484567,0.060533413,0.094695835,0.079112976,0.075516931,0.077764459,0.073269404,0.070722206,0.066376985,0.037758466,0.025771651,0.025771651,0.011687144,0.004495055,0.001648187,0.000449506,0.013562232,0.102145923,0.465064378,0.247725322,0.08,0.086180258,0.001716738,0.00360515,706,0.046560732,677679895.4,373.3333333,0
163台北市中山區敬業三路162巷42號,金泰里,0.9,0,1,1,5,0,1,1,2,3,4,6,14,8138,0.48046203,0.51953797,7632.088549,39.30719442,4786,0.595718198,0.050908638,0.062982325,0.05115758,0.066218571,0.053149116,0.050286283,0.045182972,0.076176251,0.099576799,0.112895195,0.0909883,0.067463281,0.052526761,0.045805327,0.025889968,0.022031367,0.014189694,0.006596963,0.004729898,0.00124471,0,0.016696482,0.153548002,0.507751938,0.207215265,0.052623733,0.057841383,0.001192606,0.00313059,1041,0.091203468,450445974.8,639.6666667,0
164台北市松山區撫遠街435-1號,莊敬里,3.4,0,1,0,0,0,1,0,0,3,1,4,16,5322,0.48421646,0.51578354,2113.750099,43.91314726,3036,0.557473375,0.048475946,0.037275064,0.033235402,0.048475946,0.049026809,0.05471906,0.058575101,0.08575101,0.085567389,0.07840617,0.074366508,0.071061329,0.072163055,0.067939772,0.053617334,0.036907822,0.019280206,0.015607786,0.007895703,0.001285347,0.000367242,0.010212589,0.093789079,0.482075865,0.254897874,0.068153397,0.085243852,0.001875782,0.003751563,757,0.08152381,858932317.5,985,0
166台北市中山區濱江街328號,大佳里,1.4,0,2,0,0,0,3,3,0,7,7,11,21,1093,0.547118024,0.452881976,813.6990737,42.100271,615,0.555555556,0.037037037,0.062330623,0.045167118,0.050587173,0.052393857,0.046973803,0.06504065,0.086720867,0.084914182,0.073170732,0.075880759,0.070460705,0.06865402,0.076784101,0.039747064,0.028906956,0.019873532,0.009936766,0.003613369,0.001806685,0,0.002111932,0.03062302,0.354804646,0.297782471,0.138331573,0.163674762,0.006335797,0.006335797,560,0.091203468,450445974.8,369,0
167台北市內湖區大湖街131巷臨19號,大湖里,1.6,0,1,0,1,0,0,0,0,4,4,4,4,5591,0.468967984,0.531032016,1926.763304,41.16978468,3482,0.614542887,0.051888457,0.040769502,0.034768796,0.043769855,0.064242852,0.078891634,0.067772679,0.085068832,0.070420049,0.071302506,0.082950935,0.093893399,0.083833392,0.05347688,0.031238969,0.018002118,0.013589834,0.008295094,0.004588775,0.001058948,0.000176491,0.014158576,0.140574434,0.560477346,0.197006472,0.041666667,0.043082524,0.000606796,0.002427184,842,0.106293179,1025555594,455.3333333,0
168台北市內湖區陽光街92巷14弄4號,紫陽里,0.5,1,1,0,0,1,11,11,0,1,2,4,9,8155,0.477253219,0.522746781,19971.23956,42.31667882,4986,0.606126915,0.046438123,0.034038415,0.029418916,0.040602966,0.063214199,0.069900316,0.080111841,0.095307561,0.073425723,0.065280817,0.075006078,0.083880379,0.091174325,0.073182592,0.030999271,0.019328957,0.013736932,0.008388038,0.00547046,0.000972526,0.000121566,0.014203769,0.125921879,0.535645998,0.211007921,0.054493308,0.054220158,0.001092598,0.003414368,776,0.106293179,1025555594,428,0
169台北市內湖區內湖路3段329巷10弄14號,金瑞里,2.3,0,1,0,0,0,6,0,0,3,1,5,7,7008,0.469748858,0.530251142,2937.959686,40.82223492,4058,0.579879966,0.05072878,0.046298943,0.049728494,0.046584738,0.05001429,0.05701629,0.072735067,0.102172049,0.088168048,0.070877394,0.071020292,0.067876536,0.079737068,0.06901972,0.031151758,0.019577022,0.01128894,0.010431552,0.004144041,0.00142898,0,0.01038352,0.10400268,0.497739072,0.243342824,0.067492882,0.072517166,0.001004857,0.003516999,730,0.106293179,1025555594,449.3333333,0
170台北市萬華區萬大路84巷3號,雙園里,0.8,0,1,0,0,1,2,8,2,13,18,26,32,4629,0.495139339,0.504860661,26049.52167,42.00232411,2749,0.58081555,0.046693429,0.049440101,0.037819565,0.049651384,0.051130361,0.063173463,0.068666808,0.086203254,0.090428903,0.069300655,0.078174519,0.073737587,0.066131418,0.059581661,0.038030847,0.029579548,0.021762096,0.015212339,0.00422565,0.001056412,0,0.01000244,0.088314223,0.426689436,0.276896804,0.094901195,0.093681386,0.004147353,0.005367163,659,0.068733215,1220539682,375.6666667,0
171台北市內湖區安康路27巷23號,石潭里,2.3,0,0,0,0,0,0,3,0,0,2,5,7,4042,0.472538347,0.527461653,3331.523736,40.51031804,2618,0.635591163,0.070890993,0.038358825,0.026462734,0.037387715,0.050983248,0.061179898,0.070405438,0.114105365,0.108035931,0.084243748,0.077445982,0.069191551,0.06287934,0.044185482,0.033017723,0.021607186,0.014323865,0.007768876,0.005098325,0.002184996,0.000242777,0.010955056,0.126685393,0.495505618,0.230898876,0.060674157,0.067696629,0.00252809,0.00505618,812,0.106293179,1025555594,559.6666667,0
172台北市內湖區文湖街21巷100弄11號,西康里,1.3,0,1,0,2,0,1,1,0,4,3,5,10,9584,0.471828047,0.528171953,8225.401875,42.62288136,5903,0.610066143,0.047126912,0.038135593,0.026353865,0.039892518,0.063972716,0.070897065,0.070793716,0.084745763,0.077201323,0.070793716,0.077614717,0.094047127,0.084849111,0.063352625,0.033691608,0.023666804,0.015915668,0.010748243,0.005167425,0.001033485,0,0.014890647,0.132736156,0.529199628,0.206607725,0.057933923,0.054094928,0.001279665,0.003257329,782,0.106293179,1025555594,272,0
173台北市松山區延壽街330巷2號,龍田里,1.6,0,0,0,0,1,6,6,0,5,10,14,23,11091,0.463979803,0.536020197,49155.80315,40.09725309,5887,0.523335408,0.046848609,0.072717575,0.085696506,0.053249178,0.04542626,0.0360032,0.043737221,0.067650458,0.100097786,0.097430883,0.074851098,0.058138501,0.050493377,0.056004978,0.039647969,0.029247044,0.017157081,0.012623344,0.010134234,0.002666904,0.000177794,0.023266219,0.180536913,0.576845638,0.164876957,0.02885906,0.024384787,0.000223714,0.001006711,1026,0.08152381,858932317.5,1031.666667,0
174台北市信義區信義路5段150巷427號,六合里,1.2,0,1,0,0,0,2,2,0,4,5,11,16,6699,0.472458576,0.527541424,5259.720598,45.22390029,3975,0.582844575,0.03914956,0.030351906,0.026246334,0.036510264,0.056891496,0.068914956,0.068475073,0.070674487,0.071847507,0.070967742,0.090029326,0.085043988,0.080058651,0.073753666,0.046774194,0.035777126,0.023607038,0.012903226,0.008651026,0.002785924,0.00058651,0.016539647,0.13458732,0.525377007,0.208367115,0.058375223,0.052213394,0.001135074,0.003405221,769,0.087254353,704280209.3,512,0
175台北市大安區敦化南路1段329巷6弄3號,敦安里,0.4,1,3,1,5,3,11,19,0,11,15,21,37,6508,0.451598033,0.548401967,37065.19905,42.54463345,3375,0.50805359,0.050278489,0.06232124,0.059310552,0.047568869,0.051633298,0.041396959,0.045912991,0.067891013,0.086406744,0.079482162,0.071353304,0.063977119,0.056902002,0.069095288,0.059762156,0.040794822,0.022429625,0.013096493,0.007075117,0.003010688,0.000301069,0.026177059,0.181603345,0.557716779,0.169605526,0.036357026,0.026540629,0.001090711,0.000908926,961,0.125342505,1003156621,742.6666667,0
176台北市中山區堤頂大道2段246巷9號,金泰里,1.8,0,2,0,0,0,2,0,0,3,2,6,13,8138,0.48046203,0.51953797,7632.088549,39.30719442,4786,0.595718198,0.050908638,0.062982325,0.05115758,0.066218571,0.053149116,0.050286283,0.045182972,0.076176251,0.099576799,0.112895195,0.0909883,0.067463281,0.052526761,0.045805327,0.025889968,0.022031367,0.014189694,0.006596963,0.004729898,0.00124471,0,0.016696482,0.153548002,0.507751938,0.207215265,0.052623733,0.057841383,0.001192606,0.00313059,1041,0.091203468,450445974.8,539,0
177台北市內湖區安泰街201號,安泰里,2.9,0,1,0,0,0,0,0,0,1,0,1,1,5626,0.48649129,0.51350871,4900.428446,39.82722972,3542,0.620641318,0.053618363,0.043104959,0.042579289,0.049588225,0.056246715,0.064306991,0.074469949,0.102330471,0.100403014,0.073418609,0.070439811,0.079025758,0.069213247,0.058349395,0.027159629,0.016120554,0.0082355,0.006833713,0.003154021,0.001401787,0,0.007736156,0.078990228,0.462947883,0.288070033,0.083469055,0.073493485,0.002035831,0.003257329,667,0.106293179,1025555594,442,0
178台北市大同區西寧北路32號,玉泉里,0.5,1,1,0,7,1,1,8,5,19,27,33,40,2937,0.48927477,0.51072523,8958.401084,44.50631649,1654,0.549867021,0.043882979,0.032579787,0.037234043,0.03956117,0.057513298,0.051861702,0.060172872,0.089428191,0.09375,0.072805851,0.058178191,0.066156915,0.076462766,0.083444149,0.05418883,0.034242021,0.022273936,0.016289894,0.005319149,0.003989362,0.000664894,0.007501875,0.088897224,0.476744186,0.267066767,0.084396099,0.070517629,0.001125281,0.003750938,679,0.046560732,677679895.4,499.3333333,0
179台北市內湖區內湖路2段179巷48弄43號,湖濱里,0.9,0,2,0,0,4,10,11,1,3,2,6,6,8569,0.468549422,0.531450578,12780.05688,42.4890663,4901,0.567048479,0.04292491,0.038296888,0.049404142,0.047552933,0.059701493,0.064560916,0.067106329,0.072312854,0.073238459,0.074164063,0.073122758,0.082841606,0.090362143,0.065602221,0.035404373,0.023834317,0.017933588,0.011222955,0.007404836,0.002661113,0.000347102,0.016635614,0.131754059,0.552036199,0.199361192,0.048975246,0.047245142,0.000798509,0.003194038,826,0.106293179,1025555594,439.3333333,0
180台北市內湖區大湖山莊街232號,大湖里,1,0,2,0,1,0,0,0,0,4,4,4,4,5591,0.468967984,0.531032016,1926.763304,41.16978468,3482,0.614542887,0.051888457,0.040769502,0.034768796,0.043769855,0.064242852,0.078891634,0.067772679,0.085068832,0.070420049,0.071302506,0.082950935,0.093893399,0.083833392,0.05347688,0.031238969,0.018002118,0.013589834,0.008295094,0.004588775,0.001058948,0.000176491,0.014158576,0.140574434,0.560477346,0.197006472,0.041666667,0.043082524,0.000606796,0.002427184,842,0.106293179,1025555594,455.3333333,0
181台北市內湖區大湖街臨202-6號,內溝里,5.4,0,0,0,0,0,0,0,0,1,0,0,0,4811,0.487216795,0.512783205,1117.32883,40.87425641,3045,0.624615385,0.050666667,0.038153846,0.036307692,0.042871795,0.061948718,0.077538462,0.081846154,0.092923077,0.084102564,0.063794872,0.063384615,0.099076923,0.082051282,0.049641026,0.026666667,0.018051282,0.015384615,0.008820513,0.004717949,0.001435897,0.000615385,0.006096131,0.095662368,0.485580305,0.246189918,0.079249707,0.079953107,0.002813599,0.004454865,678,0.106293179,1025555594,432,0
182台北市信義區信義路5段150巷56-60號,六合里,1.2,0,1,0,0,0,3,3,0,4,5,11,16,6699,0.472458576,0.527541424,5259.720598,45.22390029,3975,0.582844575,0.03914956,0.030351906,0.026246334,0.036510264,0.056891496,0.068914956,0.068475073,0.070674487,0.071847507,0.070967742,0.090029326,0.085043988,0.080058651,0.073753666,0.046774194,0.035777126,0.023607038,0.012903226,0.008651026,0.002785924,0.00058651,0.016539647,0.13458732,0.525377007,0.208367115,0.058375223,0.052213394,0.001135074,0.003405221,769,0.087254353,704280209.3,628.6666667,0
183台北市內湖區康樂街238巷12號,內溝里,3.5,0,0,0,0,0,0,0,0,1,0,0,1,4811,0.487216795,0.512783205,1117.32883,40.87425641,3045,0.624615385,0.050666667,0.038153846,0.036307692,0.042871795,0.061948718,0.077538462,0.081846154,0.092923077,0.084102564,0.063794872,0.063384615,0.099076923,0.082051282,0.049641026,0.026666667,0.018051282,0.015384615,0.008820513,0.004717949,0.001435897,0.000615385,0.006096131,0.095662368,0.485580305,0.246189918,0.079249707,0.079953107,0.002813599,0.004454865,678,0.106293179,1025555594,308.6666667,0
184台北市內湖區文湖街21巷118弄50號,西康里,2.9,0,1,0,1,0,0,0,0,4,2,3,8,9584,0.471828047,0.528171953,8225.401875,42.62288136,5903,0.610066143,0.047126912,0.038135593,0.026353865,0.039892518,0.063972716,0.070897065,0.070793716,0.084745763,0.077201323,0.070793716,0.077614717,0.094047127,0.084849111,0.063352625,0.033691608,0.023666804,0.015915668,0.010748243,0.005167425,0.001033485,0,0.014890647,0.132736156,0.529199628,0.206607725,0.057933923,0.054094928,0.001279665,0.003257329,782,0.106293179,1025555594,427.3333333,0
185台北市松山區復興北路497號,民福里,0.8,0,3,0,0,1,2,2,0,6,8,20,36,6144,0.46875,0.53125,28816.69785,46.03965517,3562,0.55830721,0.044827586,0.028369906,0.019592476,0.036050157,0.051253918,0.053291536,0.065987461,0.086990596,0.074451411,0.071786834,0.075548589,0.078996865,0.090438871,0.082601881,0.053134796,0.036677116,0.022413793,0.015517241,0.009561129,0.002037618,0.000470219,0.011748445,0.114201797,0.526606773,0.230131306,0.054250173,0.059778853,0.000172771,0.003109883,733,0.08152381,858932317.5,770.3333333,0
186台北市內湖區大湖山莊街217號,大湖里,0.8,0,2,0,1,0,0,0,1,4,4,4,4,5591,0.468967984,0.531032016,1926.763304,41.16978468,3482,0.614542887,0.051888457,0.040769502,0.034768796,0.043769855,0.064242852,0.078891634,0.067772679,0.085068832,0.070420049,0.071302506,0.082950935,0.093893399,0.083833392,0.05347688,0.031238969,0.018002118,0.013589834,0.008295094,0.004588775,0.001058948,0.000176491,0.014158576,0.140574434,0.560477346,0.197006472,0.041666667,0.043082524,0.000606796,0.002427184,842,0.106293179,1025555594,432,0
187台北市中山區民生東路3段73巷13號,江山里,0.2,1,5,0,2,1,3,3,1,6,13,24,42,7532,0.477827934,0.522172066,38544.96292,44.98351433,4205,0.550176632,0.037943216,0.03558812,0.035195604,0.046578569,0.046186053,0.055213921,0.061101662,0.084652623,0.079288238,0.070914562,0.077194819,0.075624755,0.078241528,0.079157399,0.051550438,0.036896507,0.021326704,0.019102447,0.006149418,0.001831741,0.000261677,0.01247798,0.131972989,0.510569583,0.221520846,0.060628303,0.059453905,0.000587199,0.002789196,753,0.091203468,450445974.8,483,0
189台北市內湖區內湖路1段91巷229號,西安里,2.2,0,0,0,0,0,1,0,0,3,2,7,10,6616,0.474758162,0.525241838,5419.402901,42.96642292,3956,0.590359648,0.051634084,0.030890912,0.025220116,0.037307864,0.055812565,0.069392628,0.084763468,0.098641994,0.071780331,0.062080287,0.066706462,0.081181913,0.093269661,0.08700194,0.034621698,0.018952395,0.014027757,0.010147739,0.004775407,0.001193852,0.000596926,0.010369627,0.123599264,0.532363271,0.223950493,0.048837598,0.057032949,0.001003512,0.002843285,724,0.106293179,1025555594,272,0
190台北市內湖區碧山路26-6號,碧山里,4,0,0,0,0,0,0,0,1,3,3,3,6,7192,0.484983315,0.515016685,1929.623427,41.23843223,4506,0.613228089,0.043413174,0.04123571,0.044365814,0.046271094,0.060152422,0.0636908,0.076891671,0.086281981,0.081246598,0.073081111,0.081382689,0.090500817,0.080293958,0.054164398,0.029804028,0.019733261,0.012656505,0.009662493,0.004491018,0.000544366,0.000136091,0.00875,0.09484375,0.49828125,0.24703125,0.0790625,0.0671875,0.00046875,0.004375,742,0.106293179,1025555594,412.3333333,0
191台北市大安區安和路2段217巷15號,全安里,1,0,2,1,2,3,8,14,0,7,13,19,29,4399,0.461241191,0.538758809,33383.00855,45.80964181,2290,0.515881955,0.041676053,0.040774949,0.033566118,0.040774949,0.044829917,0.057895923,0.056544267,0.076143276,0.062401442,0.078846587,0.0702861,0.068934445,0.081549899,0.091011489,0.066005857,0.037846362,0.021851768,0.015544041,0.009686866,0.002928588,0.000901104,0.019877676,0.171253823,0.569571865,0.165902141,0.040519878,0.03185525,0,0.001019368,846,0.125342505,1003156621,974,0
192台北市內湖區碧山路7巷19號,碧山里,3.1,0,1,0,1,0,0,0,0,4,2,4,4,7192,0.484983315,0.515016685,1929.623427,41.23843223,4506,0.613228089,0.043413174,0.04123571,0.044365814,0.046271094,0.060152422,0.0636908,0.076891671,0.086281981,0.081246598,0.073081111,0.081382689,0.090500817,0.080293958,0.054164398,0.029804028,0.019733261,0.012656505,0.009662493,0.004491018,0.000544366,0.000136091,0.00875,0.09484375,0.49828125,0.24703125,0.0790625,0.0671875,0.00046875,0.004375,742,0.106293179,1025555594,413.6666667,0
193台北市中山區通北街145巷3弄23-2號,劍潭里,2,0,0,0,0,0,0,0,0,7,4,12,16,3752,0.477878465,0.522121535,1521.330985,44.36499215,2035,0.532443747,0.047095761,0.044740973,0.050758765,0.036368394,0.044217687,0.047357405,0.057299843,0.075614861,0.082155939,0.075876504,0.074306646,0.075614861,0.072736787,0.080062794,0.049450549,0.030873888,0.01674516,0.019884877,0.014128728,0.00418629,0.000523286,0.017088801,0.11046689,0.515715594,0.221849252,0.065913946,0.061336588,0.002441257,0.005187672,760,0.091203468,450445974.8,565.6666667,0
194台北市內湖區康樂街197號,內溝里,7.3,0,0,0,0,0,0,0,0,0,0,0,0,4811,0.487216795,0.512783205,1117.32883,40.87425641,3045,0.624615385,0.050666667,0.038153846,0.036307692,0.042871795,0.061948718,0.077538462,0.081846154,0.092923077,0.084102564,0.063794872,0.063384615,0.099076923,0.082051282,0.049641026,0.026666667,0.018051282,0.015384615,0.008820513,0.004717949,0.001435897,0.000615385,0.006096131,0.095662368,0.485580305,0.246189918,0.079249707,0.079953107,0.002813599,0.004454865,678,0.106293179,1025555594,432,0
195台北市內湖區行善路41號,行善里,1.4,0,1,0,4,0,1,0,0,4,6,13,17,7225,0.486366782,0.513633218,20101.72818,40.98393797,4507,0.624065356,0.060509554,0.036970368,0.032262531,0.046386043,0.053586264,0.05898643,0.065771255,0.103987815,0.098587649,0.087510385,0.085294932,0.070340626,0.063971199,0.054832456,0.02866242,0.021600665,0.01384658,0.010384935,0.0052617,0.001107726,0.000138466,0.006841687,0.091010342,0.448050915,0.266348449,0.082736675,0.096579157,0.001909308,0.006523469,695,0.106293179,1025555594,854.3333333,0
196台北市內湖區文湖街45號,西安里,0.8,0,2,0,5,1,2,2,1,3,3,7,12,6616,0.474758162,0.525241838,5419.402901,42.96642292,3956,0.590359648,0.051634084,0.030890912,0.025220116,0.037307864,0.055812565,0.069392628,0.084763468,0.098641994,0.071780331,0.062080287,0.066706462,0.081181913,0.093269661,0.08700194,0.034621698,0.018952395,0.014027757,0.010147739,0.004775407,0.001193852,0.000596926,0.010369627,0.123599264,0.532363271,0.223950493,0.048837598,0.057032949,0.001003512,0.002843285,724,0.106293179,1025555594,446,0
197台北市內湖區金湖路91號,清白里,0.5,1,2,1,1,0,3,8,0,2,2,4,8,8713,0.467462412,0.532537588,22659.18722,41.48192907,5412,0.611249153,0.04788796,0.041337249,0.036028913,0.051840976,0.061102327,0.057036368,0.065168286,0.082448611,0.081319178,0.083690987,0.093065281,0.087418116,0.075333183,0.062118816,0.031624125,0.016602665,0.01163316,0.008696634,0.004178902,0.001468263,0,0.014590058,0.154163977,0.551839897,0.2,0.039122014,0.037443512,0.000903809,0.001936733,938,0.106293179,1025555594,369.6666667,0
198台北市中正區金門街44巷20號,河堤里,0.7,0,2,0,0,0,4,7,1,11,18,27,34,4507,0.475038828,0.524961172,29428.51759,46.15983428,2543,0.554513738,0.047972089,0.029873528,0.017008286,0.033362407,0.052551243,0.055604012,0.072830353,0.086131705,0.074356738,0.06694287,0.06519843,0.080898386,0.083515046,0.083951156,0.055385957,0.031399913,0.028129089,0.019843,0.010902747,0.003706934,0.00043611,0.027222356,0.159479643,0.543242592,0.178270296,0.047458444,0.038785835,0.000722717,0.004818116,739,0.062155041,360062293.6,537.6666667,0
199台北市松山區民權東路4段81號,精忠里,1.3,0,0,0,0,0,2,2,0,4,6,11,23,4591,0.466129384,0.533870616,2040.863879,42.28338343,2370,0.508802061,0.039501932,0.071275225,0.068699012,0.04572778,0.047015887,0.042936883,0.048089309,0.068269644,0.089523401,0.075998283,0.068699012,0.068269644,0.065908115,0.063546587,0.054315157,0.033276084,0.020609704,0.014169171,0.010304852,0.003220266,0.000644053,0.027210884,0.16692831,0.553113553,0.186289901,0.039246468,0.025379383,0.000784929,0.001046572,951,0.08152381,858932317.5,1070.666667,0
200台北市內湖區大湖街131巷10號,大湖里,1.6,0,1,0,1,0,0,0,0,4,4,4,4,5591,0.468967984,0.531032016,1926.763304,41.16978468,3482,0.614542887,0.051888457,0.040769502,0.034768796,0.043769855,0.064242852,0.078891634,0.067772679,0.085068832,0.070420049,0.071302506,0.082950935,0.093893399,0.083833392,0.05347688,0.031238969,0.018002118,0.013589834,0.008295094,0.004588775,0.001058948,0.000176491,0.014158576,0.140574434,0.560477346,0.197006472,0.041666667,0.043082524,0.000606796,0.002427184,842,0.106293179,1025555594,413.6666667,0
201台北市北投區行義路247號,永和里,3.6,0,0,0,0,0,1,1,0,1,1,5,6,9458,0.471135547,0.528864453,5814.824696,42.61617864,5399,0.568674953,0.044659785,0.04971561,0.042869181,0.041289235,0.060775226,0.059827259,0.058879292,0.073730777,0.079102591,0.075521382,0.076890668,0.083947756,0.07952391,0.068674953,0.037286707,0.027280388,0.019380661,0.012218243,0.006425111,0.001790605,0.000210659,0.019045294,0.118056403,0.518984251,0.2237822,0.054327921,0.061530949,0.000732511,0.003540471,810,0.089723852,1095531712,508.6666667,0
202台北市內湖區金莊路22號,石潭里,2.1,0,0,1,1,0,3,3,0,3,3,6,14,4042,0.472538347,0.527461653,3331.523736,40.51031804,2618,0.635591163,0.070890993,0.038358825,0.026462734,0.037387715,0.050983248,0.061179898,0.070405438,0.114105365,0.108035931,0.084243748,0.077445982,0.069191551,0.06287934,0.044185482,0.033017723,0.021607186,0.014323865,0.007768876,0.005098325,0.002184996,0.000242777,0.010955056,0.126685393,0.495505618,0.230898876,0.060674157,0.067696629,0.00252809,0.00505618,812,0.106293179,1025555594,485,0
204台北市北投區榮華一路2巷4號,榮華里,0.8,0,1,0,2,2,4,6,0,2,5,6,12,7503,0.469545515,0.530454485,19709.10388,43.13307087,4243,0.556824147,0.046194226,0.043963255,0.035695538,0.045144357,0.054724409,0.05839895,0.069816273,0.0832021,0.076115486,0.072309711,0.069422572,0.072834646,0.079396325,0.073228346,0.049737533,0.031889764,0.019685039,0.010761155,0.005905512,0.00144357,0.000131234,0.022669269,0.138417655,0.535655307,0.196817295,0.049992494,0.052694791,0.000900766,0.002852425,838,0.089723852,1095531712,368,0
205台北市中山區新生北路2段101巷19號,中原里,0.7,0,4,0,1,0,8,13,0,11,20,31,46,5183,0.467875748,0.532124252,30278.19225,45.0190678,2893,0.55720339,0.046802773,0.039869029,0.023112481,0.033898305,0.04757319,0.05527735,0.06683359,0.093605547,0.077234206,0.06587057,0.070878274,0.079930663,0.087827427,0.076848998,0.05046225,0.036402157,0.023305085,0.014830508,0.007318952,0.002118644,0,0.014063176,0.121159671,0.508437906,0.228256166,0.05906534,0.065556036,0.000865426,0.002596279,736,0.091203468,450445974.8,370.6666667,0
206台北市內湖區成功路4段294巷22號,秀湖里,0.6,0,2,0,1,0,0,7,1,4,4,4,6,6210,0.480032206,0.519967794,12484.10447,43.2473983,3728,0.587827184,0.041784926,0.035320088,0.026490066,0.046515295,0.070797856,0.072847682,0.07316304,0.07473983,0.059287291,0.06401766,0.081362346,0.091611479,0.092084516,0.068274992,0.039735099,0.024597919,0.019236834,0.010249133,0.00614948,0.001734469,0,0.015479332,0.134212841,0.554265611,0.20474934,0.04591029,0.042744063,0.000703606,0.001934916,836,0.106293179,1025555594,432,0
208台北市內湖區成功路5段400號,金湖里,0.5,1,2,0,0,1,2,3,1,1,1,3,6,10396,0.462966526,0.537033474,12169.20776,38.37171679,6132,0.583555386,0.049581271,0.069756376,0.065188428,0.065188428,0.066901408,0.057765512,0.046535973,0.065378759,0.076608298,0.088028169,0.09383327,0.088503997,0.057765512,0.04206319,0.022078416,0.01703464,0.013989341,0.007898744,4.47E-03,0.001332318,9.52E-05,0.017738359,0.159411833,0.581981561,0.174232699,0.034543121,0.028708134,0.001283697,0.002100595,1151,0.106293179,1025555594,605.3333333,0
209台北市內湖區康樂街220巷2號,內溝里,3,0,0,0,0,0,0,0,0,0,0,0,1,4811,0.487216795,0.512783205,1117.32883,40.87425641,3045,0.624615385,0.050666667,0.038153846,0.036307692,0.042871795,0.061948718,0.077538462,0.081846154,0.092923077,0.084102564,0.063794872,0.063384615,0.099076923,0.082051282,0.049641026,0.026666667,0.018051282,0.015384615,0.008820513,0.004717949,0.001435897,0.000615385,0.006096131,0.095662368,0.485580305,0.246189918,0.079249707,0.079953107,0.002813599,0.004454865,678,0.106293179,1025555594,291,0
210台北市北投區大度路3段151號,關渡里,1,0,1,0,0,0,1,1,1,3,3,3,7,11608,0.48699173,0.51300827,7041.173169,42.73783373,6729,0.56851977,0.049340994,0.045116593,0.032020953,0.045116593,0.04950997,0.059817506,0.071645826,0.099864819,0.081953363,0.06936465,0.063281514,0.073082122,0.078911795,0.06978709,0.037428185,0.028979385,0.022135857,0.013771544,0.006421088,0.001943224,0.000506928,0.007640971,0.080278557,0.429441919,0.259406132,0.100493278,0.112680143,0.002708192,0.007350808,674,0.089723852,1095531712,505.3333333,0
213台北市松山區民生東路5段69巷21弄23號,東榮里,1.2,0,1,0,0,1,1,5,1,5,8,19,26,8102,0.465317206,0.534682794,31466.64619,42.98259917,4169,0.507301047,0.037600389,0.056461426,0.066804575,0.04770017,0.051715746,0.049890484,0.050742273,0.068143101,0.080676564,0.069968362,0.068994889,0.067169628,0.070455099,0.076782672,0.051350694,0.04088586,0.020321246,0.014115357,0.007909467,0.00206863,0.000243368,0.023781903,0.168938515,0.569460557,0.174883991,0.034657773,0.027262181,0.000290023,0.000725058,907,0.08152381,858932317.5,646.6666667,0
214台北市內湖區舊宗路1段86號,湖元里,1.6,0,0,0,2,0,0,3,0,3,4,12,17,5477,0.485849918,0.514150082,2348.668834,41.4472326,3254,0.579106603,0.054280121,0.041822388,0.031678235,0.045203773,0.05214451,0.071187044,0.087738032,0.100373732,0.071720947,0.061754761,0.058729311,0.075458267,0.087915999,0.079729489,0.033635878,0.019042534,0.011745862,0.009076348,0.005872931,0.000355935,0.000533903,0.00877372,0.117527035,0.517649459,0.234441951,0.057131198,0.059783718,0.00122424,0.00346868,761,0.106293179,1025555594,714.3333333,0
215台北市內湖區大湖街137-2號,內溝里,3.2,0,0,0,0,0,0,0,0,2,2,3,5,4811,0.487216795,0.512783205,1117.32883,40.87425641,3045,0.624615385,0.050666667,0.038153846,0.036307692,0.042871795,0.061948718,0.077538462,0.081846154,0.092923077,0.084102564,0.063794872,0.063384615,0.099076923,0.082051282,0.049641026,0.026666667,0.018051282,0.015384615,0.008820513,0.004717949,0.001435897,0.000615385,0.006096131,0.095662368,0.485580305,0.246189918,0.079249707,0.079953107,0.002813599,0.004454865,678,0.106293179,1025555594,455.3333333,0
217台北市南港區忠孝東路7段371號,中南里,0.2,1,1,2,2,0,2,5,0,0,0,3,5,3726,0.496242619,0.503757381,2210.062217,41.92007243,2312,0.598034144,0.0499224,0.04009312,0.033885153,0.047335748,0.055095706,0.065700983,0.067252975,0.095964822,0.089498189,0.071391619,0.0812209,0.07190895,0.06751164,0.066218314,0.032074496,0.028194516,0.021986549,0.00879462,0.004138645,0.001034661,0.000775996,0.006495424,0.058458813,0.413935636,0.288160614,0.097431355,0.124889283,0.002657219,0.007971656,587,0.041726568,681187333.8,397,0
218台北市松山區撫遠街405巷29弄27號,莊敬里,2.5,0,0,0,2,0,1,1,0,1,3,11,19,5322,0.48421646,0.51578354,2113.750099,43.91314726,3036,0.557473375,0.048475946,0.037275064,0.033235402,0.048475946,0.049026809,0.05471906,0.058575101,0.08575101,0.085567389,0.07840617,0.074366508,0.071061329,0.072163055,0.067939772,0.053617334,0.036907822,0.019280206,0.015607786,0.007895703,0.001285347,0.000367242,0.010212589,0.093789079,0.482075865,0.254897874,0.068153397,0.085243852,0.001875782,0.003751563,757,0.08152381,858932317.5,671,0
219台北市松山區撫遠街430巷23號,莊敬里,2.2,0,0,0,0,0,1,1,0,3,4,12,17,5322,0.48421646,0.51578354,2113.750099,43.91314726,3036,0.557473375,0.048475946,0.037275064,0.033235402,0.048475946,0.049026809,0.05471906,0.058575101,0.08575101,0.085567389,0.07840617,0.074366508,0.071061329,0.072163055,0.067939772,0.053617334,0.036907822,0.019280206,0.015607786,0.007895703,0.001285347,0.000367242,0.010212589,0.093789079,0.482075865,0.254897874,0.068153397,0.085243852,0.001875782,0.003751563,757,0.08152381,858932317.5,354.3333333,0
220台北市內湖區大湖街141號,內溝里,7.5,0,0,0,0,0,0,0,0,0,0,0,0,4811,0.487216795,0.512783205,1117.32883,40.87425641,3045,0.624615385,0.050666667,0.038153846,0.036307692,0.042871795,0.061948718,0.077538462,0.081846154,0.092923077,0.084102564,0.063794872,0.063384615,0.099076923,0.082051282,0.049641026,0.026666667,0.018051282,0.015384615,0.008820513,0.004717949,0.001435897,0.000615385,0.006096131,0.095662368,0.485580305,0.246189918,0.079249707,0.079953107,0.002813599,0.004454865,678,0.106293179,1025555594,455.3333333,0
221台北市信義區信義路6段76巷8弄39號,松友里,1.2,0,2,0,0,0,4,4,0,5,9,10,14,6956,0.471679126,0.528320874,33214.10011,41.10483303,3865,0.544596308,0.053543751,0.059179935,0.049316613,0.049457517,0.048189376,0.053261942,0.061716218,0.091024376,0.087924475,0.075665774,0.068479639,0.058334508,0.064393406,0.073411301,0.043680428,0.027899112,0.014654079,0.009722418,0.00704523,0.002958997,0.000140905,0.012106945,0.118379015,0.516058517,0.232386077,0.058012443,0.057844291,0.001177064,0.004035648,739,0.087254353,704280209.3,610,0
222台北市內湖區康樂街257號,內溝里,2.7,0,0,0,0,0,0,1,0,0,0,0,1,4811,0.487216795,0.512783205,1117.32883,40.87425641,3045,0.624615385,0.050666667,0.038153846,0.036307692,0.042871795,0.061948718,0.077538462,0.081846154,0.092923077,0.084102564,0.063794872,0.063384615,0.099076923,0.082051282,0.049641026,0.026666667,0.018051282,0.015384615,0.008820513,0.004717949,0.001435897,0.000615385,0.006096131,0.095662368,0.485580305,0.246189918,0.079249707,0.079953107,0.002813599,0.004454865,678,0.106293179,1025555594,291,0
223台北市北投區吉利街257巷5弄3號,立農里,0.5,1,2,0,0,1,2,3,0,3,5,9,11,9616,0.477745424,0.522254576,27951.23455,39.65159025,5481,0.56598513,0.046468401,0.059995869,0.066604709,0.049049979,0.048636927,0.050495663,0.069083024,0.100165221,0.096964064,0.075175547,0.061544816,0.063919868,0.07063197,0.062887237,0.03283767,0.019929781,0.012494837,0.00764147,0.004027261,0.00134242,0.000103263,0.012862138,0.105894106,0.473651349,0.243631369,0.071803197,0.086788212,0.001498501,0.003871129,743,0.089723852,1095531712,465.3333333,0
224台北市內湖區金湖路100號,清白里,0.6,0,2,0,1,0,2,8,0,2,2,4,8,8713,0.467462412,0.532537588,22659.18722,41.48192907,5412,0.611249153,0.04788796,0.041337249,0.036028913,0.051840976,0.061102327,0.057036368,0.065168286,0.082448611,0.081319178,0.083690987,0.093065281,0.087418116,0.075333183,0.062118816,0.031624125,0.016602665,0.01163316,0.008696634,0.004178902,0.001468263,0,0.014590058,0.154163977,0.551839897,0.2,0.039122014,0.037443512,0.000903809,0.001936733,938,0.106293179,1025555594,369.6666667,0
225台北市北投區中和街503號,智仁里,1.5,0,0,0,0,0,1,4,0,4,4,5,6,6229,0.477444213,0.522555787,58194.59468,41.68436064,3735,0.5918238,0.053398827,0.047536048,0.030264617,0.044050071,0.058152432,0.065599746,0.070353351,0.095072096,0.084772619,0.077800666,0.070036444,0.070036444,0.066075107,0.061163049,0.040564094,0.028046268,0.018063698,0.010616384,0.007130407,0.001267628,0,0.009301477,0.081707095,0.453948568,0.258070399,0.091008572,0.096480029,0.002006201,0.007477658,660,0.089723852,1095531712,448,0
226台北市中山區北安路409號,劍潭里,0.7,0,1,0,0,2,3,3,0,5,5,10,19,3752,0.477878465,0.522121535,1521.330985,44.36499215,2035,0.532443747,0.047095761,0.044740973,0.050758765,0.036368394,0.044217687,0.047357405,0.057299843,0.075614861,0.082155939,0.075876504,0.074306646,0.075614861,0.072736787,0.080062794,0.049450549,0.030873888,0.01674516,0.019884877,0.014128728,0.00418629,0.000523286,0.017088801,0.11046689,0.515715594,0.221849252,0.065913946,0.061336588,0.002441257,0.005187672,760,0.091203468,450445974.8,451.6666667,0
227台北市松山區濱江街426巷15號,莊敬里,2,0,1,0,0,0,0,0,0,4,3,10,16,5322,0.48421646,0.51578354,2113.750099,43.91314726,3036,0.557473375,0.048475946,0.037275064,0.033235402,0.048475946,0.049026809,0.05471906,0.058575101,0.08575101,0.085567389,0.07840617,0.074366508,0.071061329,0.072163055,0.067939772,0.053617334,0.036907822,0.019280206,0.015607786,0.007895703,0.001285347,0.000367242,0.010212589,0.093789079,0.482075865,0.254897874,0.068153397,0.085243852,0.001875782,0.003751563,757,0.08152381,858932317.5,423,0
228台北市大安區溫州街18巷8號,龍坡里,0.9,0,1,0,0,0,4,8,2,8,12,23,42,5999,0.463410568,0.536589432,40804.93914,42.38451486,3041,0.496733094,0.040999673,0.063214636,0.074485462,0.052923881,0.049656975,0.039529566,0.043776544,0.064194708,0.086082979,0.082489383,0.071545247,0.059457694,0.063214636,0.067788304,0.051943809,0.037569422,0.022378308,0.016497877,0.007840575,0.003756942,0.000653381,0.067223548,0.213404932,0.512529833,0.151949085,0.029236277,0.024463007,0.000397772,0.000795545,1016,0.125342505,1003156621,614.6666667,0
230台北市北投區行義路140巷1號,永和里,2.8,0,0,0,0,0,0,0,0,1,0,2,10,9458,0.471135547,0.528864453,5814.824696,42.61617864,5399,0.568674953,0.044659785,0.04971561,0.042869181,0.041289235,0.060775226,0.059827259,0.058879292,0.073730777,0.079102591,0.075521382,0.076890668,0.083947756,0.07952391,0.068674953,0.037286707,0.027280388,0.019380661,0.012218243,0.006425111,0.001790605,0.000210659,0.019045294,0.118056403,0.518984251,0.2237822,0.054327921,0.061530949,0.000732511,0.003540471,810,0.089723852,1095531712,508.6666667,0
231台北市內湖區碧山路臨32-10號,碧山里,4.9,0,0,0,0,0,0,0,0,3,3,3,3,7192,0.484983315,0.515016685,1929.623427,41.23843223,4506,0.613228089,0.043413174,0.04123571,0.044365814,0.046271094,0.060152422,0.0636908,0.076891671,0.086281981,0.081246598,0.073081111,0.081382689,0.090500817,0.080293958,0.054164398,0.029804028,0.019733261,0.012656505,0.009662493,0.004491018,0.000544366,0.000136091,0.00875,0.09484375,0.49828125,0.24703125,0.0790625,0.0671875,0.00046875,0.004375,742,0.106293179,1025555594,413.6666667,0
233台北市北投區文林北路175巷58號,文林里,0.9,0,2,0,0,0,2,6,0,3,6,6,14,4358,0.481184029,0.518815971,38537.28514,43.77499436,2533,0.571654254,0.041751298,0.030918529,0.039720153,0.047619048,0.051229971,0.055292259,0.071767095,0.083728278,0.088693297,0.07966599,0.073572557,0.067704807,0.070187317,0.070412999,0.05032724,0.034303769,0.020762807,0.014443692,0.006093433,0.001354096,0.000451365,0.017035342,0.109585558,0.473938469,0.244088482,0.068649886,0.083396898,0.000508518,0.002796847,760,0.089723852,1095531712,421,0
235台北市北投區崇仰一路31號,奇岩里,1.5,0,0,0,0,0,2,1,0,5,0,7,11,10961,0.481981571,0.518018429,6130.523759,43.17111256,6325,0.587879915,0.048331629,0.033460359,0.027047123,0.043312576,0.059763919,0.066827772,0.072590389,0.08318617,0.081327261,0.071382099,0.073519844,0.079282461,0.084673297,0.071939771,0.038014685,0.029463705,0.018774979,0.009945162,0.00529789,0.001858909,0,0.013350021,0.110659157,0.493429287,0.234876929,0.069983312,0.072069253,0.000938673,0.004693367,713,0.089723852,1095531712,907.3333333,0
241台北市中山區北安路139號,劍潭里,2.5,0,0,0,0,0,1,0,1,10,5,12,16,3752,0.477878465,0.522121535,1521.330985,44.36499215,2035,0.532443747,0.047095761,0.044740973,0.050758765,0.036368394,0.044217687,0.047357405,0.057299843,0.075614861,0.082155939,0.075876504,0.074306646,0.075614861,0.072736787,0.080062794,0.049450549,0.030873888,0.01674516,0.019884877,0.014128728,0.00418629,0.000523286,0.017088801,0.11046689,0.515715594,0.221849252,0.065913946,0.061336588,0.002441257,0.005187672,760,0.091203468,450445974.8,335.3333333,0
242台北市內湖區文湖街21巷91弄11號,西康里,1,0,1,0,3,0,0,1,0,4,3,9,13,9584,0.471828047,0.528171953,8225.401875,42.62288136,5903,0.610066143,0.047126912,0.038135593,0.026353865,0.039892518,0.063972716,0.070897065,0.070793716,0.084745763,0.077201323,0.070793716,0.077614717,0.094047127,0.084849111,0.063352625,0.033691608,0.023666804,0.015915668,0.010748243,0.005167425,0.001033485,0,0.014890647,0.132736156,0.529199628,0.206607725,0.057933923,0.054094928,0.001279665,0.003257329,782,0.106293179,1025555594,427.3333333,0
243台北市北投區秀山路85巷71號,秀山里,2.1,0,0,0,0,0,0,0,0,0,4,5,5,3267,0.485460667,0.514539333,2807.063359,44.61204819,1903,0.573192771,0.047891566,0.03373494,0.022590361,0.037048193,0.056626506,0.061746988,0.067771084,0.08313253,0.076506024,0.089156627,0.072590361,0.065662651,0.081927711,0.06626506,0.044277108,0.043373494,0.024698795,0.013855422,0.00873494,0.002108434,0.000301205,0.006052455,0.07330195,0.403496974,0.261264291,0.117686617,0.12273033,0.003362475,0.012104909,580,0.089723852,1095531712,448,0
244台北市北投區崇仰一路15-3號,奇岩里,1.3,0,1,0,0,0,1,1,0,5,0,5,11,10961,0.481981571,0.518018429,6130.523759,43.17111256,6325,0.587879915,0.048331629,0.033460359,0.027047123,0.043312576,0.059763919,0.066827772,0.072590389,0.08318617,0.081327261,0.071382099,0.073519844,0.079282461,0.084673297,0.071939771,0.038014685,0.029463705,0.018774979,0.009945162,0.00529789,0.001858909,0,0.013350021,0.110659157,0.493429287,0.234876929,0.069983312,0.072069253,0.000938673,0.004693367,713,0.089723852,1095531712,650.3333333,0
247台北市北投區石牌路2段343巷8弄36號,永和里,2.7,0,0,0,0,0,0,0,0,5,0,5,7,9458,0.471135547,0.528864453,5814.824696,42.61617864,5399,0.568674953,0.044659785,0.04971561,0.042869181,0.041289235,0.060775226,0.059827259,0.058879292,0.073730777,0.079102591,0.075521382,0.076890668,0.083947756,0.07952391,0.068674953,0.037286707,0.027280388,0.019380661,0.012218243,0.006425111,0.001790605,0.000210659,0.019045294,0.118056403,0.518984251,0.2237822,0.054327921,0.061530949,0.000732511,0.003540471,810,0.089723852,1095531712,810.3333333,0
249台北市大同區安西街20號,大有里,0.8,0,1,0,0,0,5,8,2,15,26,32,42,4752,0.486952862,0.513047138,22809.34834,42.92212029,2762,0.563098879,0.048114169,0.04362895,0.036493374,0.045463812,0.0509684,0.058511723,0.071355759,0.096839959,0.080530071,0.064831804,0.070540265,0.069520897,0.070336391,0.069520897,0.04587156,0.033027523,0.024057085,0.012028542,0.005708461,0.002038736,0.000611621,0.006782039,0.073900842,0.443171188,0.299812909,0.090739008,0.080449018,0.002806361,0.002338634,620,0.046560732,677679895.4,490.6666667,0
250台北市中山區中山北路3段66號,集英里,3.9,0,1,0,0,0,4,0,0,11,1,3,10,7268,0.452256467,0.547743533,21950.77362,42.23888217,4190,0.562945049,0.045277442,0.051323391,0.053876125,0.038694075,0.049576784,0.057638049,0.060593847,0.083434099,0.089076985,0.073223163,0.079269112,0.070133011,0.072148327,0.066908505,0.038022303,0.027139594,0.021765417,0.013032379,0.007120785,0.001477899,0.000268709,0.016131583,0.100743318,0.497706785,0.244346038,0.067531235,0.068796457,0.002214139,0.002530444,746,0.091203468,450445974.8,379.6666667,0
251台北市北投區大業路527巷161弄20號,一德里,2.7,0,0,0,0,0,0,0,0,1,0,7,8,7581,0.485951721,0.514048279,2792.850838,40.83493405,4695,0.601229351,0.050582661,0.043411448,0.043923678,0.046612883,0.057753874,0.065565373,0.072992701,0.097323601,0.082340889,0.079395569,0.071712127,0.074145217,0.069022922,0.058138046,0.030221539,0.02484313,0.015622999,0.01024459,0.00537841,0.000640287,0.000128057,0.009506833,0.085561497,0.434640523,0.262774807,0.094622698,0.102198455,0.002525253,0.008169935,680,0.089723852,1095531712,505.3333333,0
252台北市北投區承德路7段143-1號,福興里,0.8,0,1,0,0,0,1,1,0,0,2,9,11,7459,0.475130715,0.524869285,21222.64074,40.03574763,4232,0.564492464,0.047752434,0.055889022,0.066159797,0.047752434,0.053087902,0.056289182,0.060690943,0.094837935,0.091903428,0.079365079,0.068560758,0.059757236,0.069227691,0.058023209,0.033079899,0.026010404,0.015739629,0.009870615,0.004001601,0.001734027,0.000266773,0.012050129,0.109736504,0.47622108,0.245501285,0.073907455,0.077602828,0.001124679,0.003856041,715,0.089723852,1095531712,595,0
253台北市中山區基湖路157巷5號,金泰里,1.4,0,1,0,1,0,1,1,1,2,3,5,11,8138,0.48046203,0.51953797,7632.088549,39.30719442,4786,0.595718198,0.050908638,0.062982325,0.05115758,0.066218571,0.053149116,0.050286283,0.045182972,0.076176251,0.099576799,0.112895195,0.0909883,0.067463281,0.052526761,0.045805327,0.025889968,0.022031367,0.014189694,0.006596963,0.004729898,0.00124471,0,0.016696482,0.153548002,0.507751938,0.207215265,0.052623733,0.057841383,0.001192606,0.00313059,1041,0.091203468,450445974.8,924.6666667,0
254台北市北投區大業路527巷88號,桃源里,1.7,0,1,0,0,0,1,0,0,0,4,7,8,6033,0.489971822,0.510028178,4825.488886,42.27794955,3808,0.619690806,0.043775427,0.027176566,0.032546786,0.048657445,0.056468674,0.074043938,0.078925956,0.095524817,0.081366965,0.073230269,0.075183076,0.084947111,0.07908869,0.064279902,0.029617575,0.023270952,0.017412531,0.00992677,0.003580146,0.000650936,0.000325468,0.0094391,0.080413868,0.432564894,0.268288256,0.100381194,0.100744237,0.002359775,0.005808677,648,0.089723852,1095531712,517,0
255台北市中山區天津街20號,正得里,0.6,0,3,0,10,1,6,8,4,17,28,40,47,3656,0.437089716,0.562910284,24541.85156,46.26973861,2133,0.574777688,0.050929669,0.028563729,0.018054433,0.026677445,0.03799515,0.056588521,0.064403126,0.090811102,0.084343843,0.070870385,0.085421719,0.084343843,0.083535435,0.081379682,0.047696039,0.034222582,0.021827001,0.016976556,0.011048235,0.003772568,0.000538938,0.015228426,0.119140042,0.513884742,0.229620782,0.062108092,0.053747387,0.002090176,0.004180352,713,0.091203468,450445974.8,847,0
256台北市北投區行義路192巷15弄8號,永和里,3.3,0,0,0,0,0,0,0,0,1,0,2,6,9458,0.471135547,0.528864453,5814.824696,42.61617864,5399,0.568674953,0.044659785,0.04971561,0.042869181,0.041289235,0.060775226,0.059827259,0.058879292,0.073730777,0.079102591,0.075521382,0.076890668,0.083947756,0.07952391,0.068674953,0.037286707,0.027280388,0.019380661,0.012218243,0.006425111,0.001790605,0.000210659,0.019045294,0.118056403,0.518984251,0.2237822,0.054327921,0.061530949,0.000732511,0.003540471,810,0.089723852,1095531712,508.6666667,0
257台北市萬華區環河南路3段31號,和德里,2.1,0,0,0,0,0,1,1,0,5,9,13,23,6536,0.498470012,0.501529988,28550.39926,42.6972854,4110,0.603081438,0.050476889,0.030080704,0.029347029,0.046368305,0.063536317,0.064269993,0.071460015,0.092589875,0.08158474,0.074541453,0.078943507,0.076155539,0.07131328,0.057373441,0.040939105,0.030227439,0.023624358,0.01027146,0.005282465,0.001467351,0.000146735,0.004451039,0.059017474,0.347840422,0.310913287,0.135509397,0.12413452,0.003626772,0.014507089,552,0.068733215,1220539682,235.3333333,0
258台北市北投區大業路527巷161弄20號,一德里,1.1,0,1,0,0,0,1,1,0,1,3,3,7,7581,0.485951721,0.514048279,2792.850838,40.83493405,4695,0.601229351,0.050582661,0.043411448,0.043923678,0.046612883,0.057753874,0.065565373,0.072992701,0.097323601,0.082340889,0.079395569,0.071712127,0.074145217,0.069022922,0.058138046,0.030221539,0.02484313,0.015622999,0.01024459,0.00537841,0.000640287,0.000128057,0.009506833,0.085561497,0.434640523,0.262774807,0.094622698,0.102198455,0.002525253,0.008169935,680,0.089723852,1095531712,505.3333333,0
259台北市信義區信義路5段150巷485-3號,六合里,2.4,0,0,0,0,0,0,0,0,0,3,5,11,6699,0.472458576,0.527541424,5259.720598,45.22390029,3975,0.582844575,0.03914956,0.030351906,0.026246334,0.036510264,0.056891496,0.068914956,0.068475073,0.070674487,0.071847507,0.070967742,0.090029326,0.085043988,0.080058651,0.073753666,0.046774194,0.035777126,0.023607038,0.012903226,0.008651026,0.002785924,0.00058651,0.016539647,0.13458732,0.525377007,0.208367115,0.058375223,0.052213394,0.001135074,0.003405221,769,0.087254353,704280209.3,512,0
261台北市南港區松河街臨320號,玉成里,0.8,0,2,0,2,0,0,5,2,3,6,11,16,4859,0.491047541,0.508952459,11680.25477,41.96858006,2955,0.595166163,0.056797583,0.043101712,0.03021148,0.041691843,0.054582075,0.060422961,0.068680765,0.09305136,0.09244713,0.081570997,0.075528701,0.068882175,0.065861027,0.0612286,0.036455186,0.032426989,0.020745217,0.012286002,0.003423968,0.00060423,0,0.009261403,0.084741838,0.454966427,0.257930076,0.086362584,0.099791618,0.002315351,0.004630702,664,0.041726568,681187333.8,771.3333333,0
262台北市南港區研究院路2段102巷23弄1號,中研里,2.3,0,0,0,0,0,0,0,0,0,0,0,3,9647,0.493832279,0.506167721,10168.93302,40.87312821,5707,0.585333333,0.061538462,0.054871795,0.030153846,0.038358974,0.054666667,0.069641026,0.077948718,0.099692308,0.082769231,0.062153846,0.063589744,0.074871795,0.075897436,0.059384615,0.034461538,0.023179487,0.019282051,0.010461538,0.005333333,0.001230769,0.000512821,0.042062252,0.116211994,0.47410167,0.215719265,0.062853022,0.081120058,0.002283379,0.00564836,722,0.041726568,681187333.8,497,0
263台北市北投區承德路7段143號,福興里,0.4,1,2,0,0,1,1,2,0,1,3,10,11,7459,0.475130715,0.524869285,21222.64074,40.03574763,4232,0.564492464,0.047752434,0.055889022,0.066159797,0.047752434,0.053087902,0.056289182,0.060690943,0.094837935,0.091903428,0.079365079,0.068560758,0.059757236,0.069227691,0.058023209,0.033079899,0.026010404,0.015739629,0.009870615,0.004001601,0.001734027,0.000266773,0.012050129,0.109736504,0.47622108,0.245501285,0.073907455,0.077602828,0.001124679,0.003856041,715,0.089723852,1095531712,505.3333333,0
264台北市萬華區萬大路218巷22號,日善里,1.1,0,1,0,0,1,2,3,0,11,17,25,31,3779,0.493781424,0.506218576,21386.2334,42.02558079,2180,0.569042026,0.054554946,0.046985121,0.033411642,0.048551292,0.048812321,0.058209345,0.069433568,0.102323153,0.082223962,0.066823284,0.066562255,0.074654137,0.075176194,0.066040198,0.034716784,0.030018272,0.023231532,0.01174628,0.004437484,0.001827199,0.000261028,0.006940253,0.074230537,0.407664454,0.289378395,0.101086301,0.107423054,0.002715751,0.010561255,586,0.068733215,1220539682,323.6666667,0
265台北市北投區大業路517巷臨80號,豐年里,1.5,0,1,0,0,0,2,5,0,2,4,6,8,4640,0.485344828,0.514655172,6772.271357,40.72138458,2770,0.588235294,0.069016776,0.053939265,0.02781907,0.044170737,0.051603313,0.063495434,0.064132512,0.093438097,0.091739223,0.079422383,0.079422383,0.064981949,0.0615842,0.050966235,0.037799958,0.032703334,0.018687619,0.010193247,0.004034827,0.000849437,0,0.006501625,0.064766192,0.428607152,0.275068767,0.100025006,0.113028257,0.001500375,0.010502626,618,0.089723852,1095531712,517,0
266台北市北投區泉源路65-4號,中心里,1.4,0,0,0,0,0,3,4,0,5,5,5,5,6492,0.458872458,0.541127542,17335.90135,44.44180739,3900,0.593336376,0.042294234,0.030731782,0.02342918,0.040012171,0.0591815,0.064354176,0.064202039,0.085653431,0.077285866,0.073330291,0.081697855,0.087631219,0.085957706,0.070591815,0.040012171,0.032101019,0.019169329,0.01293169,0.007606877,0.001521375,0.000304275,0.016164337,0.099511702,0.500084189,0.249705338,0.066341135,0.064320593,0.00117865,0.002694056,696,0.089723852,1095531712,543.3333333,0
268台北市信義區松德路407號,松友里,1.4,0,1,0,0,0,3,2,0,4,5,10,14,6956,0.471679126,0.528320874,33214.10011,41.10483303,3865,0.544596308,0.053543751,0.059179935,0.049316613,0.049457517,0.048189376,0.053261942,0.061716218,0.091024376,0.087924475,0.075665774,0.068479639,0.058334508,0.064393406,0.073411301,0.043680428,0.027899112,0.014654079,0.009722418,0.00704523,0.002958997,0.000140905,0.012106945,0.118379015,0.516058517,0.232386077,0.058012443,0.057844291,0.001177064,0.004035648,739,0.087254353,704280209.3,628.6666667,0
269台北市北投區行義路170巷17號,永和里,3.1,0,0,0,0,0,0,0,0,1,0,2,8,9458,0.471135547,0.528864453,5814.824696,42.61617864,5399,0.568674953,0.044659785,0.04971561,0.042869181,0.041289235,0.060775226,0.059827259,0.058879292,0.073730777,0.079102591,0.075521382,0.076890668,0.083947756,0.07952391,0.068674953,0.037286707,0.027280388,0.019380661,0.012218243,0.006425111,0.001790605,0.000210659,0.019045294,0.118056403,0.518984251,0.2237822,0.054327921,0.061530949,0.000732511,0.003540471,810,0.089723852,1095531712,508.6666667,0
270台北市北投區大度路3段155-1號,關渡里,1.4,0,1,0,0,0,1,1,1,3,3,3,3,11608,0.48699173,0.51300827,7041.173169,42.73783373,6729,0.56851977,0.049340994,0.045116593,0.032020953,0.045116593,0.04950997,0.059817506,0.071645826,0.099864819,0.081953363,0.06936465,0.063281514,0.073082122,0.078911795,0.06978709,0.037428185,0.028979385,0.022135857,0.013771544,0.006421088,0.001943224,0.000506928,0.007640971,0.080278557,0.429441919,0.259406132,0.100493278,0.112680143,0.002708192,0.007350808,674,0.089723852,1095531712,505.3333333,0
271台北市中山區新生北路2段105號,聚盛里,1.1,0,1,0,0,0,7,7,2,11,10,21,37,4170,0.43501199,0.56498801,33647.01966,45.71323355,2531,0.601330482,0.042052744,0.026134474,0.017581373,0.028747921,0.041577572,0.052506534,0.065811357,0.094559278,0.096222381,0.08030411,0.085293419,0.085055833,0.090045141,0.080066524,0.05274412,0.028272749,0.014967926,0.013067237,0.003326206,0.000950344,0.000712758,0.008835759,0.092255717,0.450883576,0.287681913,0.091216216,0.06470894,0.001559252,0.002858628,607,0.091203468,450445974.8,402,0
276台北市北投區大業路527巷161弄臨20號,一德里,0.9,0,2,0,0,0,1,1,0,3,3,5,7,7581,0.485951721,0.514048279,2792.850838,40.83493405,4695,0.601229351,0.050582661,0.043411448,0.043923678,0.046612883,0.057753874,0.065565373,0.072992701,0.097323601,0.082340889,0.079395569,0.071712127,0.074145217,0.069022922,0.058138046,0.030221539,0.02484313,0.015622999,0.01024459,0.00537841,0.000640287,0.000128057,0.009506833,0.085561497,0.434640523,0.262774807,0.094622698,0.102198455,0.002525253,0.008169935,680,0.089723852,1095531712,505.3333333,0
277台北市中正區信義路1段1號,東門里,0.6,0,3,0,0,0,8,9,1,21,28,35,47,3989,0.483329155,0.516670845,5299.603846,41.43286867,2125,0.519686965,0.052090976,0.064563463,0.058449499,0.04793348,0.04622157,0.048422597,0.057960382,0.0855955,0.084128149,0.060405967,0.071411103,0.065541697,0.067987283,0.072144779,0.047199804,0.028124236,0.019320127,0.01369528,0.004402054,0.004157496,0.000244559,0.03587311,0.194485621,0.514675363,0.164838423,0.040913134,0.045063741,0.000889416,0.003261192,912,0.062155041,360062293.6,426.3333333,0
278台北市北投區東華街2段340巷2弄19號,東華里,0.1,1,2,0,0,0,1,2,0,4,4,9,11,4700,0.474255319,0.525744681,9363.263472,41.32302112,2586,0.551738852,0.043951355,0.05675272,0.056539364,0.048431833,0.051632174,0.05568594,0.062726691,0.084702368,0.082568807,0.075954769,0.067847237,0.070620866,0.078088329,0.065713676,0.03712396,0.028803072,0.014508214,0.00981438,0.005547258,0.002560273,0.000426712,0.026582278,0.114177215,0.470886076,0.232405063,0.066582278,0.081772152,0.001772152,0.005822785,701,0.089723852,1095531712,359.6666667,0
279台北市大安區溫州街48巷6號,大學里,0.6,0,2,0,1,0,5,8,2,8,12,22,38,8758,0.463576159,0.536423841,45181.75805,43.63221748,4646,0.52190519,0.035834644,0.05504381,0.057964502,0.048191418,0.051561447,0.051449113,0.04774208,0.071107616,0.077847675,0.075263986,0.074477645,0.072455628,0.068973264,0.067849921,0.052235453,0.035834644,0.025499888,0.017861155,0.009211413,0.002808358,0.00078634,0.052791342,0.19664775,0.519862743,0.16536888,0.032862611,0.029035238,0.001979675,0.001451762,883,0.125342505,1003156621,983.3333333,0
280台北市信義區吳興街432巷130號,惠安里,1.4,0,0,0,0,1,3,2,0,4,5,11,18,6527,0.478627241,0.521372759,17564.39888,43.77806238,4020,0.605695344,0.044598463,0.028326051,0.030736779,0.03736628,0.057254784,0.071116468,0.070815127,0.08091005,0.081211391,0.076540606,0.079704686,0.088142233,0.078499322,0.06222691,0.042187735,0.02817538,0.021545879,0.011902968,0.006478831,0.001506705,0.000753352,0.011262397,0.102538242,0.498739284,0.229786519,0.071272483,0.080853925,0.002017146,0.003530005,686,0.087254353,704280209.3,512,0
285台北市南港區福德街373巷94-2號,仁福里,2.2,0,0,0,0,0,0,0,0,0,0,2,3,5593,0.492580011,0.507419989,16973.79022,42.84195706,3453,0.607708553,0.03625484,0.032206969,0.038190778,0.060718057,0.063357973,0.050862372,0.057902147,0.067581837,0.092749032,0.104892643,0.096620908,0.07374164,0.06406195,0.064237944,0.035022879,0.026223161,0.015487504,0.009327702,0.007039775,0.003167899,0.000351989,0.008668243,0.097123719,0.48108747,0.267730496,0.066587864,0.071118991,0.002167061,0.005516154,694,0.041726568,681187333.8,470.3333333,0
286台北市北投區致遠三路158號,東華里,1.5,0,2,0,0,0,1,1,0,5,0,7,10,4700,0.474255319,0.525744681,9363.263472,41.32302112,2586,0.551738852,0.043951355,0.05675272,0.056539364,0.048431833,0.051632174,0.05568594,0.062726691,0.084702368,0.082568807,0.075954769,0.067847237,0.070620866,0.078088329,0.065713676,0.03712396,0.028803072,0.014508214,0.00981438,0.005547258,0.002560273,0.000426712,0.026582278,0.114177215,0.470886076,0.232405063,0.066582278,0.081772152,0.001772152,0.005822785,701,0.089723852,1095531712,359.6666667,0
291台北市南港區興中路68號,南港里,0.9,0,1,0,3,1,2,2,0,0,0,4,5,6764,0.512566529,0.487433471,15734.43838,41.79935275,4019,0.591203295,0.050456016,0.044571933,0.038246543,0.047661077,0.05913504,0.053103854,0.068843778,0.084142395,0.089732274,0.076934392,0.080611945,0.078699618,0.070167696,0.058987938,0.034863195,0.028096499,0.021182701,0.008531921,0.004265961,0.001471021,0.000294204,0.008995248,0.083333333,0.456551256,0.27359131,0.08197556,0.088424983,0.001866938,0.005261371,669,0.041726568,681187333.8,495,0
292台北市北投區石牌路2段343巷8弄28-2號,永和里,2.8,0,0,0,0,0,0,0,0,4,0,1,7,9458,0.471135547,0.528864453,5814.824696,42.61617864,5399,0.568674953,0.044659785,0.04971561,0.042869181,0.041289235,0.060775226,0.059827259,0.058879292,0.073730777,0.079102591,0.075521382,0.076890668,0.083947756,0.07952391,0.068674953,0.037286707,0.027280388,0.019380661,0.012218243,0.006425111,0.001790605,0.000210659,0.019045294,0.118056403,0.518984251,0.2237822,0.054327921,0.061530949,0.000732511,0.003540471,810,0.089723852,1095531712,810.3333333,0
293台北市信義區紫雲街72號,六合里,3.2,0,0,0,0,0,0,0,0,0,0,3,5,6699,0.472458576,0.527541424,5259.720598,45.22390029,3975,0.582844575,0.03914956,0.030351906,0.026246334,0.036510264,0.056891496,0.068914956,0.068475073,0.070674487,0.071847507,0.070967742,0.090029326,0.085043988,0.080058651,0.073753666,0.046774194,0.035777126,0.023607038,0.012903226,0.008651026,0.002785924,0.00058651,0.016539647,0.13458732,0.525377007,0.208367115,0.058375223,0.052213394,0.001135074,0.003405221,769,0.087254353,704280209.3,512,0
298台北市萬華區長順街2號,綠堤里,1.2,0,0,0,0,0,2,2,0,6,13,22,27,4335,0.484890427,0.515109573,24787.72453,44.33892541,2506,0.568125142,0.043300839,0.031285423,0.027204715,0.053275901,0.059623668,0.058490138,0.059170256,0.080934029,0.08478803,0.068691907,0.082294264,0.07413285,0.074359556,0.067558377,0.04828837,0.033552482,0.027884833,0.016776241,0.005667649,0.002493766,0.000226706,0.005300353,0.034326098,0.333922261,0.324331146,0.14209995,0.143866734,0.003281171,0.012872287,556,0.068733215,1220539682,283.3333333,0
299台北市北投區行義路456號,永和里,3.1,0,0,0,0,1,1,1,0,1,3,5,7,9458,0.471135547,0.528864453,5814.824696,42.61617864,5399,0.568674953,0.044659785,0.04971561,0.042869181,0.041289235,0.060775226,0.059827259,0.058879292,0.073730777,0.079102591,0.075521382,0.076890668,0.083947756,0.07952391,0.068674953,0.037286707,0.027280388,0.019380661,0.012218243,0.006425111,0.001790605,0.000210659,0.019045294,0.118056403,0.518984251,0.2237822,0.054327921,0.061530949,0.000732511,0.003540471,810,0.089723852,1095531712,570.6666667,0
300台北市大安區新生南路3段54巷16號,大學里,0.7,0,2,0,1,0,5,8,2,8,12,22,38,8758,0.463576159,0.536423841,45181.75805,43.63221748,4646,0.52190519,0.035834644,0.05504381,0.057964502,0.048191418,0.051561447,0.051449113,0.04774208,0.071107616,0.077847675,0.075263986,0.074477645,0.072455628,0.068973264,0.067849921,0.052235453,0.035834644,0.025499888,0.017861155,0.009211413,0.002808358,0.00078634,0.052791342,0.19664775,0.519862743,0.16536888,0.032862611,0.029035238,0.001979675,0.001451762,883,0.125342505,1003156621,983.3333333,0
